Дата,Хозяева(Х),Гости(Г),ГолыХ,ГолыГ,Результат,УдарыХ,УдарыГ,Удары по воротам Х,Удары по воротам Г,ФолыХ,ФолыГ,УгловыеХ,УгловыеГ,ЖКХ,ЖКГ,ККХ,ККГ,Победитель,Проигравший
Сезон 14/15,Sevilla,Valencia,1,1,D,10,11,3,1,23,8,3,3,4,2,0,1,Ничья,Ничья
Сезон 14/15,Celta,Getafe,3,1,H,20,12,8,3,19,15,4,4,4,1,0,0,Celta,Getafe
Сезон 14/15,Eibar,Sociedad,1,0,H,12,19,5,4,13,14,5,6,4,1,0,0,Eibar,Sociedad
Сезон 14/15,Levante,Villarreal,0,2,A,9,12,2,6,11,14,3,4,1,3,0,0,Villarreal,Levante
Сезон 14/15,Ath Bilbao,Levante,3,0,H,10,10,5,2,13,17,2,11,1,4,0,0,Ath Bilbao,Levante
Сезон 14/15,Ath Madrid,Eibar,2,1,H,15,8,6,2,12,18,5,5,3,0,0,0,Ath Madrid,Eibar
Сезон 14/15,Espanol,Sevilla,1,2,A,4,13,2,6,20,24,3,7,4,2,0,0,Sevilla,Espanol
Сезон 14/15,Sociedad,Real Madrid,4,2,H,13,19,5,5,18,12,8,6,1,2,0,0,Sociedad,Real Madrid
Сезон 14/15,Villarreal,Barcelona,0,1,A,9,20,0,8,12,9,3,10,0,2,0,0,Barcelona,Villarreal
Сезон 14/15,Barcelona,Ath Bilbao,2,0,H,15,3,8,2,12,11,5,1,1,1,0,0,Barcelona,Ath Bilbao
Сезон 14/15,Celta,Sociedad,2,2,D,13,20,6,5,13,15,5,8,1,5,0,0,Ничья,Ничья
Сезон 14/15,Real Madrid,Ath Madrid,1,2,A,21,9,4,2,12,12,4,4,4,7,0,0,Ath Madrid,Real Madrid
Сезон 14/15,Granada,Villarreal,0,0,D,9,14,3,3,12,13,9,5,3,2,0,0,Ничья,Ничья
Сезон 14/15,Sevilla,Getafe,2,0,H,12,7,4,1,10,25,8,5,2,6,0,0,Sevilla,Getafe
Сезон 14/15,Valencia,Espanol,3,1,H,11,8,6,3,15,13,7,8,1,1,0,0,Valencia,Espanol
Сезон 14/15,Ath Bilbao,Granada,0,1,A,13,3,5,2,14,20,7,5,2,4,0,0,Granada,Ath Bilbao
Сезон 14/15,Ath Madrid,Celta,2,2,D,18,5,8,5,9,17,6,3,1,3,0,0,Ничья,Ничья
Сезон 14/15,Levante,Barcelona,0,5,A,9,17,2,8,13,11,3,6,1,2,1,0,Barcelona,Levante
Сезон 14/15,Getafe,Valencia,0,3,A,12,7,5,3,25,17,6,1,6,1,0,1,Valencia,Getafe
Сезон 14/15,Eibar,Villarreal,1,1,D,7,15,3,4,14,17,2,10,4,4,0,0,Ничья,Ничья
Сезон 14/15,Granada,Levante,0,1,A,8,10,0,4,14,13,5,3,2,6,0,0,Levante,Granada
Сезон 14/15,Sevilla,Sociedad,1,0,H,19,8,8,1,13,7,11,4,6,2,0,0,Sevilla,Sociedad
Сезон 14/15,Espanol,Getafe,2,0,H,10,6,4,2,16,17,6,4,1,2,0,0,Espanol,Getafe
Сезон 14/15,Ath Bilbao,Eibar,0,0,D,13,10,1,2,13,22,6,2,5,6,0,0,Ничья,Ничья
Сезон 14/15,Ath Madrid,Sevilla,4,0,H,11,4,6,1,14,16,5,3,4,3,0,0,Ath Madrid,Sevilla
Сезон 14/15,Barcelona,Granada,6,0,H,19,9,12,1,11,11,8,1,1,3,0,0,Barcelona,Granada
Сезон 14/15,Villarreal,Real Madrid,0,2,A,19,11,5,3,7,10,7,6,0,1,0,0,Real Madrid,Villarreal
Сезон 14/15,Sociedad,Valencia,1,1,D,18,7,5,2,13,17,11,4,2,5,0,0,Ничья,Ничья
Сезон 14/15,Eibar,Levante,3,3,D,14,13,6,5,12,16,4,4,3,1,0,0,Ничья,Ничья
Сезон 14/15,Valencia,Ath Madrid,3,1,H,6,19,3,5,23,14,1,6,4,0,0,1,Valencia,Ath Madrid
Сезон 14/15,Celta,Villarreal,1,3,A,15,11,6,4,15,22,11,4,3,4,1,0,Villarreal,Celta
Сезон 14/15,Espanol,Sociedad,2,0,H,10,13,4,4,20,12,4,4,6,2,0,0,Espanol,Sociedad
Сезон 14/15,Real Madrid,Ath Bilbao,5,0,H,19,6,14,5,9,10,8,7,1,2,0,0,Real Madrid,Ath Bilbao
Сезон 14/15,Ath Bilbao,Celta,1,1,D,13,4,4,1,13,16,9,2,3,3,0,0,Ничья,Ничья
Сезон 14/15,Barcelona,Eibar,3,0,H,27,4,12,2,9,13,12,3,2,2,0,0,Barcelona,Eibar
Сезон 14/15,Levante,Real Madrid,0,5,A,11,21,1,11,13,8,6,3,4,0,0,0,Real Madrid,Levante
Сезон 14/15,Ath Madrid,Espanol,2,0,H,20,7,9,1,19,19,12,1,0,0,0,0,Ath Madrid,Espanol
Сезон 14/15,Sociedad,Getafe,1,2,A,13,16,2,7,10,13,8,4,1,3,0,0,Getafe,Sociedad
Сезон 14/15,Celta,Levante,3,0,H,13,4,4,0,14,16,7,0,0,3,0,0,Celta,Levante
Сезон 14/15,Eibar,Granada,1,1,D,7,8,3,3,14,14,7,8,3,4,0,0,Ничья,Ничья
Сезон 14/15,Real Madrid,Barcelona,3,1,H,18,16,6,5,11,10,3,9,2,4,0,0,Real Madrid,Barcelona
Сезон 14/15,Getafe,Ath Madrid,0,1,A,11,12,4,7,17,11,1,8,3,3,1,0,Ath Madrid,Getafe
Сезон 14/15,Sevilla,Villarreal,2,1,H,8,11,4,4,19,15,3,2,3,4,0,0,Sevilla,Villarreal
Сезон 14/15,Barcelona,Celta,0,1,A,19,10,9,4,10,29,9,5,1,2,0,0,Celta,Barcelona
Сезон 14/15,Granada,Real Madrid,0,4,A,11,18,5,8,19,9,3,4,1,2,0,0,Real Madrid,Granada
Сезон 14/15,Ath Bilbao,Sevilla,1,0,H,9,4,2,1,24,11,4,8,4,3,0,0,Ath Bilbao,Sevilla
Сезон 14/15,Villarreal,Valencia,1,3,A,14,6,4,3,12,15,11,4,2,3,0,0,Valencia,Villarreal
Сезон 14/15,Celta,Granada,0,0,D,17,8,5,1,14,17,6,2,1,5,0,0,Ничья,Ничья
Сезон 14/15,Espanol,Villarreal,1,1,D,11,9,4,5,16,25,6,7,3,3,0,0,Ничья,Ничья
Сезон 14/15,Sevilla,Levante,1,1,D,15,16,6,5,13,10,6,5,2,6,0,0,Ничья,Ничья
Сезон 14/15,Sociedad,Ath Madrid,2,1,H,11,4,5,2,17,17,2,1,2,6,0,1,Sociedad,Ath Madrid
Сезон 14/15,Valencia,Ath Bilbao,0,0,D,8,4,1,1,13,17,2,4,0,2,0,0,Ничья,Ничья
Сезон 14/15,Ath Bilbao,Espanol,3,1,H,9,8,5,3,15,18,5,3,0,5,0,0,Ath Bilbao,Espanol
Сезон 14/15,Barcelona,Sevilla,5,1,H,16,2,10,0,8,21,5,4,1,2,0,0,Barcelona,Sevilla
Сезон 14/15,Eibar,Real Madrid,0,4,A,10,19,2,8,16,9,4,2,4,2,0,0,Real Madrid,Eibar
Сезон 14/15,Levante,Valencia,2,1,H,10,17,5,6,20,18,4,5,2,1,0,0,Levante,Valencia
Сезон 14/15,Villarreal,Getafe,2,1,H,10,15,4,5,15,14,7,4,3,2,0,0,Villarreal,Getafe
Сезон 14/15,Celta,Eibar,0,1,A,29,8,9,2,10,21,15,1,4,5,0,0,Eibar,Celta
Сезон 14/15,Espanol,Levante,2,1,H,10,16,4,3,21,10,5,6,2,3,0,0,Espanol,Levante
Сезон 14/15,Getafe,Ath Bilbao,1,2,A,14,8,7,3,12,15,2,4,7,5,0,0,Ath Bilbao,Getafe
Сезон 14/15,Sevilla,Granada,5,1,H,13,9,8,4,18,20,7,4,1,2,0,0,Sevilla,Granada
Сезон 14/15,Valencia,Barcelona,0,1,A,12,7,4,1,9,7,5,5,3,3,0,0,Barcelona,Valencia
Сезон 14/15,Real Madrid,Celta,3,0,H,20,9,11,0,15,21,8,7,4,4,0,0,Real Madrid,Celta
Сезон 14/15,Barcelona,Espanol,5,1,H,15,3,7,2,6,11,5,2,0,4,0,0,Barcelona,Espanol
Сезон 14/15,Granada,Valencia,1,1,D,9,9,2,1,20,9,4,4,4,4,0,1,Ничья,Ничья
Сезон 14/15,Villarreal,Sociedad,4,0,H,24,12,9,2,14,8,8,2,2,2,0,0,Villarreal,Sociedad
Сезон 14/15,Levante,Getafe,1,1,D,16,5,3,1,14,17,4,0,3,4,0,0,Ничья,Ничья
Сезон 14/15,Getafe,Barcelona,0,0,D,4,23,2,2,24,8,4,5,2,0,0,0,Ничья,Ничья
Сезон 14/15,Ath Madrid,Villarreal,0,1,A,11,7,2,4,15,16,7,2,4,3,0,0,Villarreal,Ath Madrid
Сезон 14/15,Espanol,Granada,2,1,H,12,7,4,6,13,19,2,3,2,4,0,1,Espanol,Granada
Сезон 14/15,Sevilla,Eibar,0,0,D,16,6,2,2,11,17,11,2,3,6,0,0,Ничья,Ничья
Сезон 14/15,Sociedad,Ath Bilbao,1,1,D,14,12,4,5,12,21,3,6,0,3,0,1,Ничья,Ничья
Сезон 14/15,Eibar,Valencia,0,1,A,8,10,2,3,16,8,2,5,7,3,0,0,Valencia,Eibar
Сезон 14/15,Levante,Sociedad,1,1,D,11,3,2,2,16,20,3,4,3,5,0,0,Ничья,Ничья
Сезон 14/15,Ath Bilbao,Ath Madrid,1,4,A,4,5,2,4,12,14,3,1,3,4,0,0,Ath Madrid,Ath Bilbao
Сезон 14/15,Granada,Getafe,1,1,D,13,12,3,4,19,8,3,5,4,2,0,0,Ничья,Ничья
Сезон 14/15,Ath Madrid,Levante,3,1,H,13,10,5,4,6,10,7,6,2,3,0,0,Ath Madrid,Levante
Сезон 14/15,Sevilla,Celta,1,0,H,10,16,4,2,28,17,1,8,4,5,0,1,Sevilla,Celta
Сезон 14/15,Espanol,Eibar,1,2,A,15,12,6,6,9,15,6,3,1,1,0,0,Eibar,Espanol
Сезон 14/15,Sociedad,Barcelona,1,0,H,6,17,1,4,21,14,6,8,5,4,0,0,Sociedad,Barcelona
Сезон 14/15,Valencia,Real Madrid,2,1,H,11,19,3,8,24,17,3,11,6,3,0,0,Valencia,Real Madrid
Сезон 14/15,Celta,Valencia,1,1,D,14,4,4,2,20,19,11,2,3,3,0,0,Ничья,Ничья
Сезон 14/15,Eibar,Getafe,2,1,H,12,7,5,3,19,12,2,3,2,1,0,0,Eibar,Getafe
Сезон 14/15,Real Madrid,Espanol,3,0,H,18,11,5,4,11,14,7,2,1,4,1,0,Real Madrid,Espanol
Сезон 14/15,Barcelona,Ath Madrid,3,1,H,17,5,7,3,16,18,1,3,3,6,0,0,Barcelona,Ath Madrid
Сезон 14/15,Granada,Sociedad,1,1,D,20,10,3,5,9,15,11,4,2,2,0,0,Ничья,Ничья
Сезон 14/15,Espanol,Celta,1,0,H,15,3,3,2,9,23,9,1,3,3,0,0,Espanol,Celta
Сезон 14/15,Villarreal,Ath Bilbao,2,0,H,19,11,6,5,15,10,9,6,2,2,0,0,Villarreal,Ath Bilbao
Сезон 14/15,Ath Madrid,Granada,2,0,H,12,5,3,1,17,16,3,6,3,3,0,0,Ath Madrid,Granada
Сезон 14/15,Getafe,Real Madrid,0,3,A,6,24,0,9,19,10,7,8,2,2,0,0,Real Madrid,Getafe
Сезон 14/15,Sociedad,Eibar,1,0,H,19,9,4,4,6,17,9,5,2,2,0,0,Sociedad,Eibar
Сезон 14/15,Villarreal,Levante,1,0,H,15,11,4,1,12,8,6,3,0,3,0,0,Villarreal,Levante
Сезон 14/15,Valencia,Sevilla,3,1,H,13,10,8,6,23,15,3,7,6,5,0,0,Valencia,Sevilla
Сезон 14/15,Getafe,Celta,2,1,H,13,7,6,2,9,17,6,2,2,5,0,0,Getafe,Celta
Сезон 14/15,Eibar,Ath Madrid,1,3,A,11,8,3,5,14,16,6,8,3,3,0,0,Ath Madrid,Eibar
Сезон 14/15,Real Madrid,Sociedad,4,1,H,26,8,11,2,8,11,10,3,3,1,0,0,Real Madrid,Sociedad
Сезон 14/15,Barcelona,Villarreal,3,2,H,19,9,7,3,10,20,8,2,1,2,0,0,Barcelona,Villarreal
Сезон 14/15,Levante,Ath Bilbao,0,2,A,10,14,4,5,17,12,5,4,2,5,0,0,Ath Bilbao,Levante
Сезон 14/15,Sevilla,Espanol,3,2,H,22,5,7,2,20,11,7,2,8,3,0,1,Sevilla,Espanol
Сезон 14/15,Real Madrid,Sevilla,2,1,H,14,15,4,3,9,21,4,6,3,6,0,0,Real Madrid,Sevilla
Сезон 14/15,Ath Madrid,Real Madrid,4,0,H,17,4,8,1,17,18,2,3,5,2,0,0,Ath Madrid,Real Madrid
Сезон 14/15,Sociedad,Celta,1,1,D,7,12,3,3,17,22,2,6,5,4,0,0,Ничья,Ничья
Сезон 14/15,Villarreal,Granada,2,0,H,9,11,6,3,12,18,5,8,2,1,0,0,Villarreal,Granada
Сезон 14/15,Ath Bilbao,Barcelona,2,5,A,15,19,6,11,15,10,4,4,3,1,1,0,Barcelona,Ath Bilbao
Сезон 14/15,Espanol,Valencia,1,2,A,9,13,3,5,22,16,7,2,5,4,0,0,Valencia,Espanol
Сезон 14/15,Getafe,Sevilla,2,1,H,18,9,8,2,6,13,9,5,1,2,0,0,Getafe,Sevilla
Сезон 14/15,Granada,Ath Bilbao,0,0,D,11,10,4,0,16,9,4,4,4,4,1,0,Ничья,Ничья
Сезон 14/15,Barcelona,Levante,5,0,H,18,5,10,1,6,13,3,4,1,2,0,0,Barcelona,Levante
Сезон 14/15,Celta,Ath Madrid,2,0,H,14,10,3,5,4,12,9,2,0,3,0,0,Celta,Ath Madrid
Сезон 14/15,Valencia,Getafe,1,0,H,13,10,3,1,16,10,7,2,3,4,0,0,Valencia,Getafe
Сезон 14/15,Getafe,Espanol,2,1,H,10,11,4,7,15,14,2,5,3,3,0,0,Getafe,Espanol
Сезон 14/15,Sociedad,Sevilla,4,3,H,17,17,8,5,16,12,5,10,5,3,0,0,Sociedad,Sevilla
Сезон 14/15,Villarreal,Eibar,1,0,H,21,10,6,1,5,3,8,3,2,0,0,0,Villarreal,Eibar
Сезон 14/15,Levante,Granada,2,1,H,9,10,4,4,18,14,7,4,3,5,1,2,Levante,Granada
Сезон 14/15,Granada,Barcelona,1,3,A,10,16,4,9,18,9,4,5,2,3,0,0,Barcelona,Granada
Сезон 14/15,Eibar,Ath Bilbao,0,1,A,6,13,2,8,16,14,5,6,3,2,0,0,Ath Bilbao,Eibar
Сезон 14/15,Real Madrid,Villarreal,1,1,D,25,9,7,4,7,20,10,4,2,5,0,0,Ничья,Ничья
Сезон 14/15,Sevilla,Ath Madrid,0,0,D,13,9,4,2,13,14,7,1,4,7,0,0,Ничья,Ничья
Сезон 14/15,Valencia,Sociedad,2,0,H,19,8,3,0,14,14,9,5,3,3,0,0,Valencia,Sociedad
Сезон 14/15,Levante,Eibar,2,1,H,12,14,4,3,11,17,6,7,4,5,0,1,Levante,Eibar
Сезон 14/15,Ath Bilbao,Real Madrid,1,0,H,6,13,2,2,17,11,1,9,3,4,0,0,Ath Bilbao,Real Madrid
Сезон 14/15,Ath Madrid,Valencia,1,1,D,8,3,3,1,22,19,6,1,5,6,0,1,Ничья,Ничья
Сезон 14/15,Sociedad,Espanol,1,0,H,10,9,4,4,13,14,6,5,2,3,0,0,Sociedad,Espanol
Сезон 14/15,Villarreal,Celta,4,1,H,12,13,8,4,9,14,3,2,0,2,0,0,Villarreal,Celta
Сезон 14/15,Celta,Ath Bilbao,1,2,A,16,12,5,4,14,12,8,5,3,3,0,1,Ath Bilbao,Celta
Сезон 14/15,Eibar,Barcelona,0,2,A,13,12,2,4,14,3,6,3,1,0,0,0,Barcelona,Eibar
Сезон 14/15,Espanol,Ath Madrid,0,0,D,7,14,1,6,33,18,6,7,3,3,0,1,Ничья,Ничья
Сезон 14/15,Real Madrid,Levante,2,0,H,22,8,6,0,9,14,10,4,2,0,0,0,Real Madrid,Levante
Сезон 14/15,Getafe,Sociedad,0,1,A,14,10,5,4,14,12,6,5,4,1,0,0,Sociedad,Getafe
Сезон 14/15,Ath Madrid,Getafe,2,0,H,15,5,6,1,10,16,10,5,2,2,0,0,Ath Madrid,Getafe
Сезон 14/15,Granada,Eibar,0,0,D,17,4,4,1,14,17,7,5,4,1,0,0,Ничья,Ничья
Сезон 14/15,Levante,Celta,0,1,A,9,17,3,5,17,9,5,5,4,3,0,0,Celta,Levante
Сезон 14/15,Barcelona,Real Madrid,2,1,H,17,13,5,4,9,14,7,10,5,6,0,0,Barcelona,Real Madrid
Сезон 14/15,Villarreal,Sevilla,0,2,A,23,9,5,5,11,16,8,2,2,1,0,0,Sevilla,Villarreal
Сезон 14/15,Sevilla,Ath Bilbao,2,0,H,9,14,5,2,17,9,6,7,3,3,0,0,Sevilla,Ath Bilbao
Сезон 14/15,Celta,Barcelona,0,1,A,7,12,1,3,26,12,4,3,2,2,1,0,Barcelona,Celta
Сезон 14/15,Real Madrid,Granada,9,1,H,29,11,11,6,6,9,10,1,1,2,0,0,Real Madrid,Granada
Сезон 14/15,Valencia,Villarreal,0,0,D,13,5,3,2,14,18,2,6,2,5,0,0,Ничья,Ничья
Сезон 14/15,Ath Madrid,Sociedad,2,0,H,12,9,3,2,13,17,4,10,1,0,0,0,Ath Madrid,Sociedad
Сезон 14/15,Levante,Sevilla,1,2,A,19,12,6,5,16,16,12,3,4,5,0,0,Sevilla,Levante
Сезон 14/15,Granada,Celta,1,1,D,8,12,3,4,13,14,1,5,4,5,1,0,Ничья,Ничья
Сезон 14/15,Ath Bilbao,Valencia,1,1,D,12,7,4,4,17,15,8,3,5,3,0,1,Ничья,Ничья
Сезон 14/15,Villarreal,Espanol,0,3,A,7,14,2,4,14,14,7,2,1,1,0,0,Espanol,Villarreal
Сезон 14/15,Real Madrid,Eibar,3,0,H,24,4,13,2,10,18,7,4,0,3,0,0,Real Madrid,Eibar
Сезон 14/15,Sevilla,Barcelona,2,2,D,11,17,2,7,23,9,2,4,5,2,0,0,Ничья,Ничья
Сезон 14/15,Espanol,Ath Bilbao,1,0,H,5,10,1,2,14,13,7,1,2,2,0,0,Espanol,Ath Bilbao
Сезон 14/15,Getafe,Villarreal,1,1,D,12,9,2,4,9,16,11,5,2,6,0,0,Ничья,Ничья
Сезон 14/15,Valencia,Levante,3,0,H,13,11,5,1,12,12,5,4,3,3,0,0,Valencia,Levante
Сезон 14/15,Levante,Espanol,2,2,D,13,12,3,6,14,18,8,4,1,3,0,0,Ничья,Ничья
Сезон 14/15,Ath Bilbao,Getafe,4,0,H,27,1,8,1,12,12,6,1,2,4,0,1,Ath Bilbao,Getafe
Сезон 14/15,Barcelona,Valencia,2,0,H,11,11,5,3,18,17,6,3,4,4,0,0,Barcelona,Valencia
Сезон 14/15,Eibar,Celta,0,1,A,11,17,3,5,10,20,1,9,2,2,0,0,Celta,Eibar
Сезон 14/15,Granada,Sevilla,1,1,D,6,16,2,3,15,14,5,9,2,2,0,0,Ничья,Ничья
Сезон 14/15,Espanol,Barcelona,0,2,A,7,12,2,5,21,12,5,3,5,1,1,1,Barcelona,Espanol
Сезон 14/15,Getafe,Levante,0,1,A,10,9,2,3,9,14,5,5,4,3,0,0,Levante,Getafe
Сезон 14/15,Sociedad,Villarreal,0,0,D,13,19,2,4,15,13,7,9,1,4,0,0,Ничья,Ничья
Сезон 14/15,Celta,Real Madrid,2,4,A,20,10,4,7,17,6,5,4,3,2,0,0,Real Madrid,Celta
Сезон 14/15,Valencia,Granada,4,0,H,13,5,6,0,12,16,2,6,3,3,0,0,Valencia,Granada
Сезон 14/15,Ath Bilbao,Sociedad,1,1,D,11,13,3,8,16,13,7,3,2,2,0,1,Ничья,Ничья
Сезон 14/15,Barcelona,Getafe,6,0,H,21,7,12,3,11,5,5,6,0,0,0,0,Barcelona,Getafe
Сезон 14/15,Eibar,Sevilla,1,3,A,15,12,3,6,17,10,4,2,3,2,0,0,Sevilla,Eibar
Сезон 14/15,Villarreal,Ath Madrid,0,1,A,13,12,3,3,5,18,7,1,0,4,0,0,Ath Madrid,Villarreal
Сезон 14/15,Granada,Espanol,1,2,A,16,7,4,3,19,12,8,1,2,3,0,0,Espanol,Granada
Сезон 14/15,Sociedad,Levante,3,0,H,9,14,3,1,14,13,3,7,2,3,0,0,Sociedad,Levante
Сезон 14/15,Ath Madrid,Ath Bilbao,0,0,D,10,7,3,0,8,20,9,2,2,2,0,1,Ничья,Ничья
Сезон 14/15,Sevilla,Real Madrid,2,3,A,18,14,5,5,11,12,8,1,4,2,0,0,Real Madrid,Sevilla
Сезон 14/15,Getafe,Granada,1,2,A,17,14,5,6,14,17,4,6,3,4,0,0,Granada,Getafe
Сезон 14/15,Valencia,Eibar,3,1,H,13,7,6,1,8,17,7,5,2,1,0,0,Valencia,Eibar
Сезон 14/15,Eibar,Espanol,0,2,A,8,12,4,6,17,12,4,2,2,4,0,0,Espanol,Eibar
Сезон 14/15,Barcelona,Sociedad,2,0,H,15,5,8,1,9,13,10,3,1,5,0,0,Barcelona,Sociedad
Сезон 14/15,Real Madrid,Valencia,2,2,D,29,13,10,4,14,19,12,9,4,4,0,0,Ничья,Ничья
Сезон 14/15,Celta,Sevilla,1,1,D,13,8,2,4,17,15,4,2,3,5,0,0,Ничья,Ничья
Сезон 14/15,Levante,Ath Madrid,2,2,D,8,15,5,7,8,16,2,6,2,2,0,0,Ничья,Ничья
Сезон 14/15,Ath Madrid,Barcelona,0,1,A,10,15,3,5,23,7,6,5,5,3,0,0,Barcelona,Ath Madrid
Сезон 14/15,Espanol,Real Madrid,1,4,A,15,18,3,7,17,12,2,5,2,4,0,0,Real Madrid,Espanol
Сезон 14/15,Getafe,Eibar,1,1,D,13,5,3,1,11,12,6,4,0,2,0,0,Ничья,Ничья
Сезон 14/15,Sociedad,Granada,0,3,A,7,15,1,6,12,17,3,3,2,2,0,0,Granada,Sociedad
Сезон 14/15,Valencia,Celta,1,1,D,21,11,7,3,9,18,7,7,1,5,0,0,Ничья,Ничья
Сезон 14/15,Ath Bilbao,Villarreal,4,0,H,17,13,8,2,13,7,4,5,0,1,0,0,Ath Bilbao,Villarreal
Сезон 14/15,Celta,Espanol,3,2,H,10,17,7,3,11,14,2,2,2,1,1,0,Celta,Espanol
Сезон 14/15,Granada,Ath Madrid,0,0,D,2,3,0,1,9,11,4,0,0,0,0,0,Ничья,Ничья
Сезон 14/15,Real Madrid,Getafe,7,3,H,18,14,11,6,12,13,8,7,2,3,0,0,Real Madrid,Getafe
Сезон 15/16,Espanol,Getafe,1,0,H,4,14,2,3,19,14,5,6,2,3,0,1,Espanol,Getafe
Сезон 15/16,Ath Bilbao,Barcelona,0,1,A,8,10,2,4,16,11,2,4,3,3,0,0,Barcelona,Ath Bilbao
Сезон 15/16,Betis,Villarreal,1,1,D,22,8,6,4,11,26,7,5,3,1,0,1,Ничья,Ничья
Сезон 15/16,Levante,Celta,1,2,A,11,15,2,6,12,17,4,6,1,3,1,0,Celta,Levante
Сезон 15/16,Granada,Eibar,1,3,A,12,10,6,4,5,23,6,5,1,6,1,0,Eibar,Granada
Сезон 15/16,Villarreal,Espanol,3,1,H,14,4,4,2,10,20,2,3,1,6,0,0,Villarreal,Espanol
Сезон 15/16,Real Madrid,Betis,5,0,H,21,7,11,1,12,14,11,4,3,3,0,0,Real Madrid,Betis
Сезон 15/16,Eibar,Ath Bilbao,2,0,H,9,9,8,1,14,13,11,4,2,2,0,0,Eibar,Ath Bilbao
Сезон 15/16,Getafe,Granada,1,2,A,16,9,4,4,16,15,6,6,5,3,0,0,Granada,Getafe
Сезон 15/16,Sevilla,Ath Madrid,0,3,A,25,17,7,7,17,13,11,1,3,4,0,0,Ath Madrid,Sevilla
Сезон 15/16,Levante,Sevilla,1,1,D,14,8,4,3,12,8,5,4,3,3,0,0,Ничья,Ничья
Сезон 15/16,Ath Madrid,Barcelona,1,2,A,11,13,3,5,17,5,1,10,3,1,0,0,Barcelona,Ath Madrid
Сезон 15/16,Betis,Sociedad,1,0,H,9,15,2,3,12,9,2,4,4,3,1,0,Betis,Sociedad
Сезон 15/16,Espanol,Real Madrid,0,6,A,14,15,3,8,19,10,5,6,2,2,0,0,Real Madrid,Espanol
Сезон 15/16,Ath Bilbao,Getafe,3,1,H,14,11,6,3,12,15,12,5,1,4,0,0,Ath Bilbao,Getafe
Сезон 15/16,Granada,Villarreal,1,3,A,13,8,2,5,16,21,8,6,2,4,0,0,Villarreal,Granada
Сезон 15/16,Eibar,Ath Madrid,0,2,A,9,14,3,6,13,7,1,4,2,1,0,0,Ath Madrid,Eibar
Сезон 15/16,Real Madrid,Granada,1,0,H,20,12,10,3,9,15,10,1,1,3,0,0,Real Madrid,Granada
Сезон 15/16,Sociedad,Espanol,2,3,A,10,18,3,6,15,16,7,6,2,3,1,0,Espanol,Sociedad
Сезон 15/16,Valencia,Betis,0,0,D,22,3,5,1,17,15,7,1,4,2,0,1,Ничья,Ничья
Сезон 15/16,Barcelona,Levante,4,1,H,21,11,8,4,8,16,4,4,0,1,0,0,Barcelona,Levante
Сезон 15/16,Sevilla,Celta,1,2,A,13,15,5,5,16,16,5,5,3,5,0,1,Celta,Sevilla
Сезон 15/16,Villarreal,Ath Bilbao,3,1,H,14,11,7,2,17,6,9,4,4,4,0,0,Villarreal,Ath Bilbao
Сезон 15/16,Ath Madrid,Getafe,2,0,H,12,6,3,2,14,10,6,1,3,2,0,0,Ath Madrid,Getafe
Сезон 15/16,Espanol,Valencia,1,0,H,17,10,5,4,22,14,7,6,5,7,0,0,Espanol,Valencia
Сезон 15/16,Granada,Sociedad,0,3,A,11,8,1,5,20,18,4,3,5,4,0,0,Sociedad,Granada
Сезон 15/16,Ath Bilbao,Real Madrid,1,2,A,11,22,5,6,17,10,6,8,4,3,0,0,Real Madrid,Ath Bilbao
Сезон 15/16,Celta,Barcelona,4,1,H,18,18,5,7,19,4,5,10,2,2,0,0,Celta,Barcelona
Сезон 15/16,Levante,Eibar,2,2,D,12,10,2,4,13,23,4,7,2,5,0,0,Ничья,Ничья
Сезон 15/16,Valencia,Granada,1,0,H,12,18,5,3,19,20,11,3,3,3,0,0,Valencia,Granada
Сезон 15/16,Eibar,Celta,1,1,D,10,9,3,2,25,16,4,4,5,4,0,0,Ничья,Ничья
Сезон 15/16,Villarreal,Ath Madrid,1,0,H,5,9,2,4,11,15,1,5,2,2,0,0,Villarreal,Ath Madrid
Сезон 15/16,Getafe,Levante,3,0,H,15,10,8,3,11,10,4,4,2,3,0,0,Getafe,Levante
Сезон 15/16,Sociedad,Ath Bilbao,0,0,D,14,9,4,2,15,19,4,2,3,4,0,0,Ничья,Ничья
Сезон 15/16,Celta,Getafe,0,0,D,18,8,7,2,11,18,9,1,1,5,0,0,Ничья,Ничья
Сезон 15/16,Sevilla,Barcelona,2,1,H,12,28,5,9,16,16,7,9,5,3,0,0,Sevilla,Barcelona
Сезон 15/16,Ath Bilbao,Valencia,3,1,H,16,9,7,4,12,9,11,4,0,4,0,0,Ath Bilbao,Valencia
Сезон 15/16,Ath Madrid,Real Madrid,1,1,D,18,9,4,2,19,12,5,1,6,4,0,0,Ничья,Ничья
Сезон 15/16,Levante,Villarreal,1,0,H,15,3,5,2,15,17,8,2,4,3,0,1,Levante,Villarreal
Сезон 15/16,Betis,Espanol,1,3,A,21,13,6,4,18,21,4,3,2,4,0,0,Espanol,Betis
Сезон 15/16,Eibar,Sevilla,1,1,D,14,15,4,5,16,9,2,5,3,3,0,0,Ничья,Ничья
Сезон 15/16,Real Madrid,Levante,3,0,H,20,15,6,5,8,10,4,4,1,4,0,0,Real Madrid,Levante
Сезон 15/16,Sociedad,Ath Madrid,0,2,A,11,7,1,3,14,11,5,2,4,5,2,0,Ath Madrid,Sociedad
Сезон 15/16,Villarreal,Celta,1,2,A,12,13,3,2,10,12,7,4,1,3,1,0,Celta,Villarreal
Сезон 15/16,Celta,Real Madrid,1,3,A,17,14,7,8,17,16,5,7,4,1,1,0,Real Madrid,Celta
Сезон 15/16,Granada,Betis,1,1,D,17,7,7,2,8,11,3,3,3,3,0,0,Ничья,Ничья
Сезон 15/16,Sevilla,Getafe,5,0,H,22,6,13,0,18,15,7,3,1,1,0,1,Sevilla,Getafe
Сезон 15/16,Ath Madrid,Valencia,2,1,H,16,6,8,1,26,10,9,2,4,4,0,0,Ath Madrid,Valencia
Сезон 15/16,Barcelona,Eibar,3,1,H,14,7,5,5,14,18,6,2,3,5,1,0,Barcelona,Eibar
Сезон 15/16,Levante,Sociedad,0,4,A,13,13,3,6,24,15,10,3,4,3,1,0,Sociedad,Levante
Сезон 15/16,Getafe,Barcelona,0,2,A,6,14,0,6,10,3,3,5,3,0,0,0,Barcelona,Getafe
Сезон 15/16,Sociedad,Celta,2,3,A,20,16,5,8,9,12,8,7,2,5,0,0,Celta,Sociedad
Сезон 15/16,Valencia,Levante,3,0,H,13,10,6,5,19,21,5,5,2,3,0,0,Valencia,Levante
Сезон 15/16,Villarreal,Sevilla,2,1,H,11,6,5,3,17,14,7,5,5,3,0,0,Villarreal,Sevilla
Сезон 15/16,Betis,Ath Bilbao,1,3,A,11,23,3,9,9,13,7,9,2,4,0,0,Ath Bilbao,Betis
Сезон 15/16,Espanol,Granada,1,1,D,10,9,4,5,16,19,5,6,1,6,1,0,Ничья,Ничья
Сезон 15/16,Celta,Valencia,1,5,A,17,9,3,5,16,27,15,5,1,3,0,0,Valencia,Celta
Сезон 15/16,Eibar,Getafe,3,1,H,16,10,7,4,13,9,5,7,3,1,0,1,Eibar,Getafe
Сезон 15/16,Ath Bilbao,Espanol,2,1,H,8,5,2,1,17,25,4,5,2,6,0,0,Ath Bilbao,Espanol
Сезон 15/16,Barcelona,Villarreal,3,0,H,20,5,9,2,12,19,7,2,5,3,0,0,Barcelona,Villarreal
Сезон 15/16,Sevilla,Real Madrid,3,2,H,14,28,5,10,13,11,4,6,1,1,0,0,Sevilla,Real Madrid
Сезон 15/16,Real Madrid,Barcelona,0,4,A,13,18,7,7,13,10,10,4,3,2,1,0,Barcelona,Real Madrid
Сезон 15/16,Sociedad,Sevilla,2,0,H,14,12,7,5,6,14,7,5,2,1,0,0,Sociedad,Sevilla
Сезон 15/16,Betis,Ath Madrid,0,1,A,6,11,3,4,12,8,2,6,1,4,0,0,Ath Madrid,Betis
Сезон 15/16,Granada,Ath Bilbao,2,0,H,8,11,1,6,21,15,2,7,6,3,0,0,Granada,Ath Bilbao
Сезон 15/16,Villarreal,Eibar,1,1,D,12,17,5,7,8,13,12,6,3,2,0,1,Ничья,Ничья
Сезон 15/16,Levante,Betis,0,1,A,14,11,1,5,12,15,7,4,6,4,1,1,Betis,Levante
Сезон 15/16,Ath Madrid,Espanol,1,0,H,21,5,6,0,16,26,6,2,0,4,0,0,Ath Madrid,Espanol
Сезон 15/16,Barcelona,Sociedad,4,0,H,11,10,6,2,11,14,6,4,0,5,0,0,Barcelona,Sociedad
Сезон 15/16,Eibar,Real Madrid,0,2,A,8,17,3,6,20,7,6,5,3,4,0,0,Real Madrid,Eibar
Сезон 15/16,Getafe,Villarreal,2,0,H,11,7,5,0,11,15,6,6,4,2,0,0,Getafe,Villarreal
Сезон 15/16,Sevilla,Valencia,1,0,H,15,0,5,0,26,20,17,0,3,2,0,2,Sevilla,Valencia
Сезон 15/16,Betis,Celta,1,1,D,27,5,6,1,9,16,8,0,5,5,0,1,Ничья,Ничья
Сезон 15/16,Granada,Ath Madrid,0,2,A,18,11,3,4,7,8,6,8,2,1,0,0,Ath Madrid,Granada
Сезон 15/16,Real Madrid,Getafe,4,1,H,16,7,8,3,9,12,3,4,1,0,0,0,Real Madrid,Getafe
Сезон 15/16,Valencia,Barcelona,1,1,D,10,16,3,5,13,15,0,6,3,1,0,0,Ничья,Ничья
Сезон 15/16,Sociedad,Eibar,2,1,H,10,5,7,1,12,16,4,3,3,3,0,0,Sociedad,Eibar
Сезон 15/16,Espanol,Levante,1,1,D,9,12,1,5,13,14,2,6,4,5,0,0,Ничья,Ничья
Сезон 15/16,Getafe,Sociedad,1,1,D,9,10,5,6,15,12,5,5,3,3,0,0,Ничья,Ничья
Сезон 15/16,Celta,Espanol,1,0,H,16,6,3,2,13,23,4,9,3,2,1,0,Celta,Espanol
Сезон 15/16,Levante,Granada,1,2,A,7,8,5,3,25,27,2,1,2,2,0,0,Granada,Levante
Сезон 15/16,Ath Madrid,Ath Bilbao,2,1,H,8,10,4,5,13,10,3,6,1,1,0,0,Ath Madrid,Ath Bilbao
Сезон 15/16,Eibar,Valencia,1,1,D,14,6,5,1,20,14,9,2,4,4,1,1,Ничья,Ничья
Сезон 15/16,Villarreal,Real Madrid,1,0,H,7,20,3,1,11,9,3,9,2,2,0,0,Villarreal,Real Madrid
Сезон 15/16,Betis,Sevilla,0,0,D,12,8,0,2,23,19,8,8,7,5,0,0,Ничья,Ничья
Сезон 15/16,Valencia,Getafe,2,2,D,12,9,7,3,13,20,5,1,2,6,0,0,Ничья,Ничья
Сезон 15/16,Ath Bilbao,Levante,2,0,H,18,6,7,1,15,17,10,3,0,5,0,0,Ath Bilbao,Levante
Сезон 15/16,Granada,Celta,0,2,A,11,10,1,4,17,11,9,3,4,2,0,0,Celta,Granada
Сезон 15/16,Sociedad,Villarreal,0,2,A,16,7,2,5,12,21,9,1,2,1,0,0,Villarreal,Sociedad
Сезон 15/16,Barcelona,Betis,4,0,H,16,11,7,4,16,20,2,3,1,3,0,0,Barcelona,Betis
Сезон 15/16,Celta,Ath Bilbao,0,1,A,7,13,3,5,11,11,3,3,3,4,0,0,Ath Bilbao,Celta
Сезон 15/16,Real Madrid,Sociedad,3,1,H,23,13,13,2,12,9,13,2,1,4,0,0,Real Madrid,Sociedad
Сезон 15/16,Sevilla,Espanol,2,0,H,15,12,10,1,15,16,6,6,3,3,0,0,Sevilla,Espanol
Сезон 15/16,Villarreal,Valencia,1,0,H,9,6,3,2,21,19,3,6,1,3,0,0,Villarreal,Valencia
Сезон 15/16,Ath Madrid,Levante,1,0,H,16,9,2,1,12,14,13,1,0,4,0,0,Ath Madrid,Levante
Сезон 15/16,Espanol,Barcelona,0,0,D,4,10,1,2,22,10,6,10,5,3,0,0,Ничья,Ничья
Сезон 15/16,Betis,Eibar,0,4,A,9,6,5,5,16,14,6,2,4,3,0,0,Eibar,Betis
Сезон 15/16,Granada,Sevilla,2,1,H,9,14,4,7,17,13,2,9,2,2,0,1,Granada,Sevilla
Сезон 15/16,Valencia,Real Madrid,2,2,D,11,17,4,4,18,17,4,7,1,1,0,1,Ничья,Ничья
Сезон 15/16,Barcelona,Granada,4,0,H,17,8,8,4,14,19,7,0,1,4,0,0,Barcelona,Granada
Сезон 15/16,Getafe,Betis,1,0,H,8,11,3,2,19,11,8,4,1,3,0,0,Getafe,Betis
Сезон 15/16,Sevilla,Ath Bilbao,2,0,H,4,11,4,3,14,13,6,8,2,3,0,0,Sevilla,Ath Bilbao
Сезон 15/16,Celta,Ath Madrid,0,2,A,6,10,1,3,14,14,4,4,2,1,0,0,Ath Madrid,Celta
Сезон 15/16,Eibar,Espanol,2,1,H,20,7,6,4,13,15,8,2,3,2,0,0,Eibar,Espanol
Сезон 15/16,Sociedad,Valencia,2,0,H,24,10,7,3,16,13,5,6,3,4,0,0,Sociedad,Valencia
Сезон 15/16,Celta,Levante,4,3,H,14,17,6,7,14,16,6,2,1,4,0,0,Celta,Levante
Сезон 15/16,Villarreal,Betis,0,0,D,9,15,2,2,12,11,7,11,2,1,0,0,Ничья,Ничья
Сезон 15/16,Barcelona,Ath Bilbao,6,0,H,20,9,8,3,6,7,6,2,2,2,0,1,Barcelona,Ath Bilbao
Сезон 15/16,Getafe,Espanol,3,1,H,18,13,4,6,12,13,3,7,2,2,0,0,Getafe,Espanol
Сезон 15/16,Eibar,Granada,5,1,H,12,4,7,1,11,17,3,2,1,4,0,0,Eibar,Granada
Сезон 15/16,Espanol,Villarreal,2,2,D,11,14,5,5,12,15,3,9,3,1,1,0,Ничья,Ничья
Сезон 15/16,Granada,Getafe,3,2,H,20,9,9,2,12,16,5,3,3,3,0,0,Granada,Getafe
Сезон 15/16,Ath Bilbao,Eibar,5,2,H,10,9,5,2,13,14,7,2,2,2,0,0,Ath Bilbao,Eibar
Сезон 15/16,Ath Madrid,Sevilla,0,0,D,21,7,3,1,13,13,8,5,4,3,0,1,Ничья,Ничья
Сезон 15/16,Betis,Real Madrid,1,1,D,4,18,2,8,17,13,1,9,3,2,0,0,Ничья,Ничья
Сезон 15/16,Barcelona,Ath Madrid,2,1,H,10,7,4,4,7,18,8,6,0,3,0,2,Barcelona,Ath Madrid
Сезон 15/16,Getafe,Ath Bilbao,0,1,A,11,13,3,3,13,18,7,5,2,5,1,0,Ath Bilbao,Getafe
Сезон 15/16,Sociedad,Betis,2,1,H,11,8,4,1,13,9,3,4,1,4,0,0,Sociedad,Betis
Сезон 15/16,Villarreal,Granada,1,0,H,12,7,6,2,10,11,8,0,4,3,0,0,Villarreal,Granada
Сезон 15/16,Real Madrid,Espanol,6,0,H,18,15,7,5,20,20,3,1,1,5,0,0,Real Madrid,Espanol
Сезон 15/16,Sevilla,Levante,3,1,H,14,22,8,4,8,8,5,9,1,1,0,0,Sevilla,Levante
Сезон 15/16,Ath Bilbao,Villarreal,0,0,D,10,2,1,2,19,20,5,3,4,4,1,1,Ничья,Ничья
Сезон 15/16,Ath Madrid,Eibar,3,1,H,13,6,4,2,15,18,5,2,2,3,0,0,Ath Madrid,Eibar
Сезон 15/16,Betis,Valencia,1,0,H,6,7,2,2,17,19,4,5,4,5,0,1,Betis,Valencia
Сезон 15/16,Celta,Sevilla,1,1,D,25,9,5,2,15,16,10,5,3,3,0,1,Ничья,Ничья
Сезон 15/16,Granada,Real Madrid,1,2,A,14,14,2,4,20,8,3,6,3,2,0,0,Real Madrid,Granada
Сезон 15/16,Levante,Barcelona,0,2,A,11,11,3,4,15,10,2,5,4,3,0,0,Barcelona,Levante
Сезон 15/16,Espanol,Sociedad,0,5,A,5,12,1,6,13,11,4,5,1,2,0,0,Sociedad,Espanol
Сезон 15/16,Real Madrid,Ath Bilbao,4,2,H,19,10,9,3,6,8,5,2,1,2,1,0,Real Madrid,Ath Bilbao
Сезон 15/16,Valencia,Espanol,2,1,H,17,19,4,6,8,19,9,9,1,3,0,0,Valencia,Espanol
Сезон 15/16,Barcelona,Celta,6,1,H,19,10,11,4,10,16,1,1,0,4,0,0,Barcelona,Celta
Сезон 15/16,Eibar,Levante,2,0,H,15,8,6,3,15,12,8,2,3,2,0,0,Eibar,Levante
Сезон 15/16,Getafe,Ath Madrid,0,1,A,11,6,0,3,9,9,5,4,2,3,0,0,Ath Madrid,Getafe
Сезон 15/16,Sociedad,Granada,3,0,H,12,15,6,2,9,18,7,13,1,2,0,0,Sociedad,Granada
Сезон 15/16,Levante,Getafe,3,0,H,12,14,6,6,12,13,6,8,2,2,0,0,Levante,Getafe
Сезон 15/16,Celta,Eibar,3,2,H,14,7,9,3,6,25,6,1,3,2,0,0,Celta,Eibar
Сезон 15/16,Ath Bilbao,Sociedad,0,1,A,9,9,2,4,21,16,9,3,7,6,0,0,Sociedad,Ath Bilbao
Сезон 15/16,Ath Madrid,Villarreal,0,0,D,12,5,3,0,11,13,10,2,2,2,0,0,Ничья,Ничья
Сезон 15/16,Granada,Valencia,1,2,A,15,10,4,6,18,18,6,3,2,3,0,0,Valencia,Granada
Сезон 15/16,Getafe,Celta,0,1,A,14,9,2,3,11,14,4,5,3,4,0,0,Celta,Getafe
Сезон 15/16,Real Madrid,Ath Madrid,0,1,A,15,9,3,5,15,13,2,5,3,4,0,0,Ath Madrid,Real Madrid
Сезон 15/16,Barcelona,Sevilla,2,1,H,17,11,8,4,13,10,6,7,3,2,0,0,Barcelona,Sevilla
Сезон 15/16,Valencia,Ath Bilbao,0,3,A,9,13,3,4,9,13,7,7,2,0,0,0,Ath Bilbao,Valencia
Сезон 15/16,Villarreal,Levante,3,0,H,9,7,3,1,15,12,3,4,0,2,0,1,Villarreal,Levante
Сезон 15/16,Ath Madrid,Sociedad,3,0,H,12,7,5,1,19,10,8,1,1,2,0,0,Ath Madrid,Sociedad
Сезон 15/16,Celta,Villarreal,0,0,D,11,6,4,3,9,2,2,1,2,5,0,0,Ничья,Ничья
Сезон 15/16,Levante,Real Madrid,1,3,A,11,21,4,8,12,11,3,10,2,1,0,0,Real Madrid,Levante
Сезон 15/16,Sevilla,Eibar,1,0,H,14,11,4,6,12,13,12,6,1,2,0,1,Sevilla,Eibar
Сезон 15/16,Espanol,Betis,0,3,A,16,9,3,6,20,13,5,0,4,2,0,0,Betis,Espanol
Сезон 15/16,Getafe,Sevilla,1,1,D,13,7,3,4,12,14,10,9,5,2,0,0,Ничья,Ничья
Сезон 15/16,Real Madrid,Celta,7,1,H,20,8,12,3,13,12,10,5,2,3,0,0,Real Madrid,Celta
Сезон 15/16,Betis,Granada,2,0,H,10,10,4,4,9,19,6,4,3,7,1,1,Betis,Granada
Сезон 15/16,Eibar,Barcelona,0,4,A,7,9,0,7,18,10,6,2,3,2,0,0,Barcelona,Eibar
Сезон 15/16,Sociedad,Levante,1,1,D,15,10,3,3,12,16,10,3,3,3,0,0,Ничья,Ничья
Сезон 15/16,Valencia,Ath Madrid,1,3,A,10,21,3,5,13,11,6,7,1,1,1,0,Ath Madrid,Valencia
Сезон 15/16,Barcelona,Getafe,6,0,H,16,6,9,1,7,13,5,3,0,3,0,0,Barcelona,Getafe
Сезон 15/16,Celta,Sociedad,1,0,H,7,15,1,6,21,9,5,3,3,2,0,0,Celta,Sociedad
Сезон 15/16,Ath Bilbao,Betis,3,1,H,18,3,9,1,12,9,5,6,1,0,0,0,Ath Bilbao,Betis
Сезон 15/16,Levante,Valencia,1,0,H,13,6,6,1,16,16,8,0,2,4,0,0,Levante,Valencia
Сезон 15/16,Sevilla,Villarreal,4,2,H,14,13,4,6,10,12,5,8,1,1,1,0,Sevilla,Villarreal
Сезон 15/16,Granada,Espanol,1,1,D,8,10,1,2,12,20,2,8,5,3,1,0,Ничья,Ничья
Сезон 15/16,Getafe,Eibar,1,1,D,8,20,4,6,12,12,3,3,1,2,0,0,Ничья,Ничья
Сезон 15/16,Espanol,Ath Bilbao,2,1,H,16,14,7,4,7,13,6,2,3,3,0,0,Espanol,Ath Bilbao
Сезон 15/16,Real Madrid,Sevilla,4,0,H,26,8,12,4,10,9,8,8,2,2,0,0,Real Madrid,Sevilla
Сезон 15/16,Valencia,Celta,0,2,A,14,13,4,6,14,14,4,5,1,0,0,0,Celta,Valencia
Сезон 15/16,Villarreal,Barcelona,2,2,D,15,15,6,6,17,9,4,4,8,4,0,0,Ничья,Ничья
Сезон 15/16,Ath Madrid,Betis,5,1,H,19,8,12,5,14,12,5,5,1,3,0,0,Ath Madrid,Betis
Сезон 15/16,Barcelona,Real Madrid,1,2,A,14,14,3,6,17,15,4,3,3,2,0,1,Real Madrid,Barcelona
Сезон 15/16,Ath Bilbao,Granada,1,1,D,8,9,1,2,16,14,13,1,2,5,0,0,Ничья,Ничья
Сезон 15/16,Eibar,Villarreal,1,2,A,10,8,3,4,15,12,4,3,3,3,0,0,Villarreal,Eibar
Сезон 15/16,Sevilla,Sociedad,1,2,A,15,9,6,2,22,12,8,3,4,3,0,1,Sociedad,Sevilla
Сезон 15/16,Betis,Levante,1,0,H,7,12,2,3,13,18,4,3,4,3,0,0,Betis,Levante
Сезон 15/16,Espanol,Ath Madrid,1,3,A,10,14,3,5,13,14,3,5,2,2,0,0,Ath Madrid,Espanol
Сезон 15/16,Real Madrid,Eibar,4,0,H,13,9,6,2,9,13,6,7,1,3,0,0,Real Madrid,Eibar
Сезон 15/16,Sociedad,Barcelona,1,0,H,5,13,1,6,14,13,5,9,1,3,0,0,Sociedad,Barcelona
Сезон 15/16,Valencia,Sevilla,2,1,H,23,7,9,4,15,18,10,3,2,2,0,0,Valencia,Sevilla
Сезон 15/16,Villarreal,Getafe,2,0,H,13,16,3,3,9,12,8,5,2,2,0,0,Villarreal,Getafe
Сезон 15/16,Levante,Espanol,2,1,H,12,10,4,2,10,12,4,6,5,0,0,0,Levante,Espanol
Сезон 15/16,Celta,Betis,1,1,D,18,9,5,4,14,18,12,4,4,3,0,0,Ничья,Ничья
Сезон 15/16,Eibar,Sociedad,2,1,H,9,7,4,4,16,11,2,0,3,3,0,0,Eibar,Sociedad
Сезон 15/16,Getafe,Real Madrid,1,5,A,12,21,5,11,10,10,5,6,4,1,0,0,Real Madrid,Getafe
Сезон 15/16,Ath Madrid,Granada,3,0,H,8,11,3,0,16,14,4,2,3,5,0,0,Ath Madrid,Granada
Сезон 15/16,Barcelona,Valencia,1,2,A,22,7,7,2,12,15,7,2,3,3,0,0,Valencia,Barcelona
Сезон 15/16,Espanol,Celta,1,1,D,8,3,3,1,15,13,2,2,1,1,0,0,Ничья,Ничья
Сезон 15/16,Ath Bilbao,Ath Madrid,0,1,A,12,8,6,2,9,6,6,4,0,0,0,0,Ath Madrid,Ath Bilbao
Сезон 15/16,Real Madrid,Villarreal,3,0,H,20,5,6,2,9,8,11,1,2,1,0,0,Real Madrid,Villarreal
Сезон 15/16,Valencia,Eibar,4,0,H,9,9,6,2,10,6,6,3,1,2,0,0,Valencia,Eibar
Сезон 15/16,Granada,Levante,5,1,H,13,15,6,5,16,11,3,4,6,5,0,1,Granada,Levante
Сезон 15/16,Sociedad,Getafe,1,2,A,14,7,5,3,10,17,8,2,2,4,0,0,Getafe,Sociedad
Сезон 15/16,Getafe,Valencia,2,2,D,18,5,11,4,14,12,8,2,4,1,0,0,Ничья,Ничья
Сезон 15/16,Levante,Ath Bilbao,2,2,D,10,19,5,8,13,8,4,9,2,1,0,0,Ничья,Ничья
Сезон 15/16,Sevilla,Betis,2,0,H,13,8,3,2,25,13,8,5,5,4,0,0,Sevilla,Betis
Сезон 15/16,Villarreal,Sociedad,0,0,D,8,7,3,2,17,12,3,5,4,1,0,0,Ничья,Ничья
Сезон 15/16,Celta,Granada,2,1,H,15,11,4,3,13,15,4,4,2,2,0,0,Celta,Granada
Сезон 15/16,Betis,Barcelona,0,2,A,2,11,1,4,9,11,2,4,3,3,1,0,Barcelona,Betis
Сезон 15/16,Sociedad,Real Madrid,0,1,A,11,18,4,6,15,17,6,6,4,4,0,0,Real Madrid,Sociedad
Сезон 15/16,Ath Bilbao,Celta,2,1,H,10,5,2,2,12,19,7,2,1,5,0,1,Ath Bilbao,Celta
Сезон 15/16,Espanol,Sevilla,1,0,H,11,7,7,0,20,15,4,2,3,3,0,0,Espanol,Sevilla
Сезон 15/16,Valencia,Villarreal,0,2,A,7,8,1,3,15,11,9,3,0,2,0,0,Villarreal,Valencia
Сезон 15/16,Barcelona,Espanol,5,0,H,13,4,7,1,13,25,8,0,2,7,0,0,Barcelona,Espanol
Сезон 15/16,Eibar,Betis,1,1,D,21,6,10,3,15,9,8,2,1,3,0,0,Ничья,Ничья
Сезон 15/16,Levante,Ath Madrid,2,1,H,12,17,5,5,8,11,4,5,1,1,0,0,Levante,Ath Madrid
Сезон 15/16,Real Madrid,Valencia,3,2,H,15,17,8,8,10,11,5,8,1,4,0,1,Real Madrid,Valencia
Сезон 15/16,Sevilla,Granada,1,4,A,12,10,6,6,18,11,5,4,4,1,0,0,Granada,Sevilla
Сезон 15/16,Valencia,Sociedad,0,1,A,8,14,0,7,17,12,4,6,2,2,0,0,Sociedad,Valencia
Сезон 15/16,Ath Bilbao,Sevilla,3,1,H,13,8,6,4,13,11,7,6,1,2,1,2,Ath Bilbao,Sevilla
Сезон 15/16,Ath Madrid,Celta,2,0,H,12,7,5,4,16,16,4,4,4,5,0,0,Ath Madrid,Celta
Сезон 15/16,Granada,Barcelona,0,3,A,8,12,2,10,12,10,5,6,5,2,0,0,Barcelona,Granada
Сезон 15/16,Betis,Getafe,2,1,H,7,14,4,5,8,27,3,2,1,8,0,1,Betis,Getafe
Сезон 15/16,Espanol,Eibar,4,2,H,11,13,7,8,10,14,3,4,4,3,0,0,Espanol,Eibar
Сезон 16/17,Barcelona,Betis,6,2,H,30,6,12,2,17,13,10,2,1,3,0,0,Barcelona,Betis
Сезон 16/17,Granada,Villarreal,1,1,D,7,12,1,3,17,11,7,3,2,3,0,0,Ничья,Ничья
Сезон 16/17,Sevilla,Espanol,6,4,H,16,10,11,7,8,15,8,2,2,2,0,0,Sevilla,Espanol
Сезон 16/17,Ath Madrid,Alaves,1,1,D,27,2,6,1,7,15,20,2,0,4,0,0,Ничья,Ничья
Сезон 16/17,Sociedad,Real Madrid,0,3,A,8,18,0,8,22,11,4,7,2,3,0,0,Real Madrid,Sociedad
Сезон 16/17,Celta,Leganes,0,1,A,10,15,2,6,5,13,8,4,4,1,0,1,Leganes,Celta
Сезон 16/17,Eibar,Valencia,1,0,H,13,13,6,3,13,11,6,10,2,2,0,0,Eibar,Valencia
Сезон 16/17,Leganes,Ath Madrid,0,0,D,6,10,1,3,19,5,1,8,3,1,0,0,Ничья,Ничья
Сезон 16/17,Osasuna,Sociedad,0,2,A,8,5,3,4,14,14,10,1,2,1,0,0,Sociedad,Osasuna
Сезон 16/17,Real Madrid,Celta,2,1,H,24,8,10,3,8,11,7,2,0,2,0,0,Real Madrid,Celta
Сезон 16/17,Ath Bilbao,Barcelona,0,1,A,9,12,4,3,20,13,4,4,5,4,0,0,Barcelona,Ath Bilbao
Сезон 16/17,Villarreal,Sevilla,0,0,D,12,6,5,0,16,12,5,1,1,3,0,0,Ничья,Ничья
Сезон 16/17,Sociedad,Espanol,1,1,D,9,4,3,1,10,10,11,1,2,2,0,1,Ничья,Ничья
Сезон 16/17,Barcelona,Alaves,1,2,A,16,5,2,4,12,12,13,0,1,1,0,0,Alaves,Barcelona
Сезон 16/17,Celta,Ath Madrid,0,4,A,9,13,1,6,13,12,6,4,1,2,0,0,Ath Madrid,Celta
Сезон 16/17,Real Madrid,Osasuna,5,2,H,25,10,11,3,14,14,6,7,2,2,0,1,Real Madrid,Osasuna
Сезон 16/17,Granada,Eibar,1,2,A,15,10,5,8,7,8,6,7,2,0,0,1,Eibar,Granada
Сезон 16/17,Valencia,Betis,2,3,A,23,12,9,5,15,21,5,5,2,4,1,0,Betis,Valencia
Сезон 16/17,Betis,Granada,2,2,D,23,15,7,8,13,17,7,3,4,3,1,1,Ничья,Ничья
Сезон 16/17,Eibar,Sevilla,1,1,D,10,8,2,4,19,10,4,2,1,1,2,0,Ничья,Ничья
Сезон 16/17,Leganes,Barcelona,1,5,A,15,10,6,7,28,7,2,5,4,2,0,0,Barcelona,Leganes
Сезон 16/17,Ath Bilbao,Valencia,2,1,H,13,10,4,2,19,20,7,1,4,4,0,0,Ath Bilbao,Valencia
Сезон 16/17,Espanol,Real Madrid,0,2,A,11,13,2,7,19,8,4,5,4,2,0,0,Real Madrid,Espanol
Сезон 16/17,Osasuna,Celta,0,0,D,9,13,2,5,18,13,3,5,4,1,0,0,Ничья,Ничья
Сезон 16/17,Villarreal,Sociedad,2,1,H,9,15,4,2,13,16,3,6,2,3,0,1,Villarreal,Sociedad
Сезон 16/17,Sevilla,Betis,1,0,H,12,8,3,3,24,17,6,2,5,4,0,0,Sevilla,Betis
Сезон 16/17,Barcelona,Ath Madrid,1,1,D,19,9,7,4,14,17,8,2,2,4,0,0,Ничья,Ничья
Сезон 16/17,Granada,Ath Bilbao,1,2,A,13,13,2,8,8,9,6,3,1,0,0,0,Ath Bilbao,Granada
Сезон 16/17,Real Madrid,Villarreal,1,1,D,22,8,6,3,9,9,17,3,4,1,0,0,Ничья,Ничья
Сезон 16/17,Osasuna,Espanol,1,2,A,17,10,11,2,16,14,7,1,2,1,0,0,Espanol,Osasuna
Сезон 16/17,Valencia,Alaves,2,1,H,12,8,2,1,14,13,7,4,2,3,0,0,Valencia,Alaves
Сезон 16/17,Ath Bilbao,Sevilla,3,1,H,14,5,7,2,9,9,4,5,2,2,0,1,Ath Bilbao,Sevilla
Сезон 16/17,Eibar,Sociedad,2,0,H,17,3,3,0,15,13,5,3,4,2,0,1,Eibar,Sociedad
Сезон 16/17,Espanol,Celta,0,2,A,10,12,2,4,15,13,4,7,2,3,0,0,Celta,Espanol
Сезон 16/17,Leganes,Valencia,1,2,A,7,10,3,4,19,17,1,5,4,4,0,0,Valencia,Leganes
Сезон 16/17,Villarreal,Osasuna,3,1,H,12,11,5,3,7,16,5,5,0,2,0,0,Villarreal,Osasuna
Сезон 16/17,Alaves,Granada,3,1,H,16,13,6,3,15,19,5,6,3,3,0,0,Alaves,Granada
Сезон 16/17,Sociedad,Betis,1,0,H,16,5,8,2,17,22,4,2,2,3,0,0,Sociedad,Betis
Сезон 16/17,Granada,Leganes,0,1,A,8,9,1,3,13,20,6,4,1,0,0,0,Leganes,Granada
Сезон 16/17,Sevilla,Alaves,2,1,H,20,6,12,1,10,13,9,2,2,6,0,0,Sevilla,Alaves
Сезон 16/17,Celta,Barcelona,4,3,H,14,13,9,4,16,11,3,6,1,3,0,0,Celta,Barcelona
Сезон 16/17,Espanol,Villarreal,0,0,D,9,5,1,1,14,10,3,1,2,2,0,0,Ничья,Ничья
Сезон 16/17,Real Madrid,Eibar,1,1,D,15,7,3,4,8,15,7,5,4,5,0,0,Ничья,Ничья
Сезон 16/17,Valencia,Ath Madrid,0,2,A,14,17,5,10,10,15,6,5,1,3,0,0,Ath Madrid,Valencia
Сезон 16/17,Ath Madrid,Granada,7,1,H,17,9,11,2,14,8,11,3,1,1,0,0,Ath Madrid,Granada
Сезон 16/17,Betis,Real Madrid,1,6,A,13,22,2,9,14,8,2,5,4,1,0,0,Real Madrid,Betis
Сезон 16/17,Leganes,Sevilla,2,3,A,19,5,6,4,17,20,5,2,2,5,0,0,Sevilla,Leganes
Сезон 16/17,Ath Bilbao,Sociedad,3,2,H,15,6,11,3,17,19,7,4,3,3,0,0,Ath Bilbao,Sociedad
Сезон 16/17,Villarreal,Celta,5,0,H,11,4,5,1,19,12,3,5,1,4,0,1,Villarreal,Celta
Сезон 16/17,Eibar,Osasuna,2,3,A,13,8,5,4,15,12,5,0,1,2,0,0,Osasuna,Eibar
Сезон 16/17,Osasuna,Betis,1,2,A,13,12,5,6,20,12,6,4,3,2,1,0,Betis,Osasuna
Сезон 16/17,Espanol,Eibar,3,3,D,11,8,5,3,11,12,7,6,1,6,1,0,Ничья,Ничья
Сезон 16/17,Sociedad,Alaves,3,0,H,16,10,5,3,17,20,4,2,3,5,0,0,Sociedad,Alaves
Сезон 16/17,Valencia,Barcelona,2,3,A,7,15,4,8,15,13,3,1,5,4,0,0,Barcelona,Valencia
Сезон 16/17,Real Madrid,Ath Bilbao,2,1,H,24,10,8,3,10,17,6,4,2,3,0,0,Real Madrid,Ath Bilbao
Сезон 16/17,Sevilla,Ath Madrid,1,0,H,12,9,5,3,15,11,4,5,4,2,0,1,Sevilla,Ath Madrid
Сезон 16/17,Leganes,Sociedad,0,2,A,7,9,4,5,19,15,1,4,5,2,0,0,Sociedad,Leganes
Сезон 16/17,Alaves,Real Madrid,1,4,A,8,15,3,5,15,6,4,3,5,1,0,0,Real Madrid,Alaves
Сезон 16/17,Barcelona,Granada,1,0,H,15,1,5,0,7,17,8,1,1,4,0,0,Barcelona,Granada
Сезон 16/17,Ath Bilbao,Osasuna,1,1,D,18,7,4,3,10,11,9,2,2,1,0,0,Ничья,Ничья
Сезон 16/17,Betis,Espanol,0,1,A,13,10,5,5,15,15,8,3,3,3,0,0,Espanol,Betis
Сезон 16/17,Eibar,Villarreal,2,1,H,13,6,9,1,16,16,3,7,2,3,0,0,Eibar,Villarreal
Сезон 16/17,Osasuna,Alaves,0,1,A,10,12,4,3,18,10,3,4,5,2,0,0,Alaves,Osasuna
Сезон 16/17,Sociedad,Ath Madrid,2,0,H,12,9,3,2,18,20,6,6,2,4,0,0,Sociedad,Ath Madrid
Сезон 16/17,Celta,Valencia,2,1,H,7,13,4,4,19,15,4,3,6,1,0,0,Celta,Valencia
Сезон 16/17,Espanol,Ath Bilbao,0,0,D,6,4,3,0,13,11,5,3,1,2,0,0,Ничья,Ничья
Сезон 16/17,Real Madrid,Leganes,3,0,H,17,7,7,3,7,20,2,2,3,5,0,0,Real Madrid,Leganes
Сезон 16/17,Sevilla,Barcelona,1,2,A,15,14,4,7,18,12,3,5,4,6,0,0,Barcelona,Sevilla
Сезон 16/17,Villarreal,Betis,2,0,H,15,7,7,3,16,12,10,1,0,2,0,0,Villarreal,Betis
Сезон 16/17,Ath Madrid,Real Madrid,0,3,A,16,12,5,7,21,14,8,6,4,2,0,0,Real Madrid,Ath Madrid
Сезон 16/17,Eibar,Celta,1,0,H,12,6,5,2,11,13,7,0,2,5,0,2,Eibar,Celta
Сезон 16/17,Alaves,Espanol,0,1,A,10,10,4,3,20,14,2,5,5,2,0,0,Espanol,Alaves
Сезон 16/17,Ath Bilbao,Villarreal,1,0,H,12,6,5,2,13,17,6,5,0,2,0,0,Ath Bilbao,Villarreal
Сезон 16/17,Valencia,Granada,1,1,D,14,9,7,5,7,18,11,2,1,5,0,0,Ничья,Ничья
Сезон 16/17,Leganes,Osasuna,2,0,H,15,5,5,2,13,17,3,2,2,3,0,0,Leganes,Osasuna
Сезон 16/17,Eibar,Betis,3,1,H,16,7,9,2,11,7,5,1,0,1,0,1,Eibar,Betis
Сезон 16/17,Espanol,Leganes,3,0,H,8,8,4,3,19,16,3,4,1,2,0,0,Espanol,Leganes
Сезон 16/17,Sevilla,Valencia,2,1,H,6,10,1,4,19,14,3,6,0,1,0,0,Sevilla,Valencia
Сезон 16/17,Celta,Granada,3,1,H,16,7,6,1,4,15,5,0,0,3,0,0,Celta,Granada
Сезон 16/17,Osasuna,Ath Madrid,0,3,A,11,7,1,5,9,6,7,4,2,2,0,0,Ath Madrid,Osasuna
Сезон 16/17,Sociedad,Barcelona,1,1,D,17,10,6,2,16,11,8,6,2,4,0,0,Ничья,Ничья
Сезон 16/17,Villarreal,Alaves,0,2,A,23,10,10,7,11,19,12,1,2,3,0,0,Alaves,Villarreal
Сезон 16/17,Ath Madrid,Espanol,0,0,D,11,5,3,3,10,19,9,2,2,2,0,0,Ничья,Ничья
Сезон 16/17,Barcelona,Real Madrid,1,1,D,11,14,2,5,19,16,5,7,4,2,0,0,Ничья,Ничья
Сезон 16/17,Granada,Sevilla,2,1,H,11,17,6,6,18,16,4,8,5,2,0,0,Granada,Sevilla
Сезон 16/17,Leganes,Villarreal,0,0,D,11,9,4,3,21,16,2,4,6,3,0,0,Ничья,Ничья
Сезон 16/17,Ath Bilbao,Eibar,3,1,H,12,10,5,4,9,16,2,2,1,4,0,0,Ath Bilbao,Eibar
Сезон 16/17,Betis,Celta,3,3,D,16,13,5,6,22,14,4,3,4,1,1,0,Ничья,Ничья
Сезон 16/17,Osasuna,Barcelona,0,3,A,4,17,1,6,18,6,2,5,3,0,0,0,Barcelona,Osasuna
Сезон 16/17,Sociedad,Valencia,3,2,H,14,9,6,3,17,20,8,4,4,4,0,1,Sociedad,Valencia
Сезон 16/17,Betis,Ath Bilbao,1,0,H,6,14,1,4,14,12,3,7,3,2,0,0,Betis,Ath Bilbao
Сезон 16/17,Celta,Sevilla,0,3,A,14,14,6,5,13,13,4,6,3,3,0,0,Sevilla,Celta
Сезон 16/17,Eibar,Alaves,0,0,D,8,3,1,3,14,7,7,2,1,1,0,0,Ничья,Ничья
Сезон 16/17,Villarreal,Ath Madrid,3,0,H,9,13,5,3,13,13,2,7,3,3,0,0,Villarreal,Ath Madrid
Сезон 16/17,Alaves,Betis,1,0,H,10,6,2,3,20,6,6,4,6,1,0,0,Alaves,Betis
Сезон 16/17,Granada,Sociedad,0,2,A,10,18,4,6,9,11,5,9,0,1,0,0,Sociedad,Granada
Сезон 16/17,Barcelona,Espanol,4,1,H,14,4,7,1,11,16,5,2,0,3,0,0,Barcelona,Espanol
Сезон 16/17,Leganes,Eibar,1,1,D,8,15,2,4,10,10,3,6,2,2,1,0,Ничья,Ничья
Сезон 16/17,Ath Bilbao,Celta,2,1,H,10,10,7,4,16,13,9,7,4,2,0,1,Ath Bilbao,Celta
Сезон 16/17,Eibar,Ath Madrid,0,2,A,15,8,2,4,11,10,5,3,2,2,0,0,Ath Madrid,Eibar
Сезон 16/17,Real Madrid,Granada,5,0,H,23,3,13,1,11,12,9,1,1,4,0,0,Real Madrid,Granada
Сезон 16/17,Sociedad,Sevilla,0,4,A,11,11,5,10,15,18,7,4,2,3,0,0,Sevilla,Sociedad
Сезон 16/17,Ath Bilbao,Alaves,0,0,D,15,10,4,4,10,13,13,4,2,4,0,0,Ничья,Ничья
Сезон 16/17,Betis,Leganes,2,0,H,16,9,3,3,10,20,4,2,2,6,0,0,Betis,Leganes
Сезон 16/17,Villarreal,Barcelona,1,1,D,6,20,3,7,16,13,2,4,1,2,1,0,Ничья,Ничья
Сезон 16/17,Osasuna,Valencia,3,3,D,22,7,4,3,19,13,7,3,2,5,0,0,Ничья,Ничья
Сезон 16/17,Ath Madrid,Betis,1,0,H,6,10,3,6,15,17,9,2,1,3,0,0,Ath Madrid,Betis
Сезон 16/17,Leganes,Ath Bilbao,0,0,D,15,10,5,2,20,11,4,8,3,3,0,0,Ничья,Ничья
Сезон 16/17,Celta,Alaves,1,0,H,13,9,4,1,19,10,7,4,4,3,0,1,Celta,Alaves
Сезон 16/17,Granada,Osasuna,1,1,D,8,13,4,3,13,23,3,5,2,4,2,0,Ничья,Ничья
Сезон 16/17,Sevilla,Real Madrid,2,1,H,9,10,4,3,13,10,6,1,3,1,0,0,Sevilla,Real Madrid
Сезон 16/17,Valencia,Espanol,2,1,H,10,6,5,3,17,13,6,3,5,0,0,0,Valencia,Espanol
Сезон 16/17,Alaves,Leganes,2,2,D,8,13,3,4,9,20,4,3,3,2,0,0,Ничья,Ничья
Сезон 16/17,Espanol,Granada,3,1,H,17,7,8,4,19,17,10,5,0,3,0,0,Espanol,Granada
Сезон 16/17,Villarreal,Valencia,0,2,A,20,13,5,5,14,17,7,2,2,2,0,0,Valencia,Villarreal
Сезон 16/17,Ath Bilbao,Ath Madrid,2,2,D,8,11,5,5,12,9,2,6,2,3,0,0,Ничья,Ничья
Сезон 16/17,Eibar,Barcelona,0,4,A,14,14,6,7,12,4,8,5,3,1,0,0,Barcelona,Eibar
Сезон 16/17,Osasuna,Sevilla,3,4,A,14,13,7,9,14,8,3,6,5,3,0,0,Sevilla,Osasuna
Сезон 16/17,Sociedad,Celta,1,0,H,17,11,6,5,13,12,4,3,2,2,0,0,Sociedad,Celta
Сезон 16/17,Alaves,Ath Madrid,0,0,D,19,8,4,2,19,18,7,2,3,2,0,0,Ничья,Ничья
Сезон 16/17,Leganes,Celta,0,2,A,6,3,0,3,20,14,8,0,1,1,0,0,Celta,Leganes
Сезон 16/17,Villarreal,Granada,2,0,H,18,7,6,0,11,18,7,4,3,2,0,0,Villarreal,Granada
Сезон 16/17,Betis,Barcelona,1,1,D,17,10,7,4,17,12,8,2,2,3,0,0,Ничья,Ничья
Сезон 16/17,Espanol,Sevilla,3,1,H,16,12,8,5,18,14,7,4,2,2,0,1,Espanol,Sevilla
Сезон 16/17,Real Madrid,Sociedad,3,0,H,7,9,4,3,16,11,0,3,2,1,0,1,Real Madrid,Sociedad
Сезон 16/17,Ath Madrid,Leganes,2,0,H,12,15,4,2,10,15,3,6,1,1,0,0,Ath Madrid,Leganes
Сезон 16/17,Barcelona,Ath Bilbao,3,0,H,16,10,6,5,11,18,7,3,1,3,0,0,Barcelona,Ath Bilbao
Сезон 16/17,Valencia,Eibar,0,4,A,8,11,1,7,12,10,2,6,2,1,1,0,Eibar,Valencia
Сезон 16/17,Sevilla,Villarreal,0,0,D,14,11,4,4,14,16,9,0,2,2,0,0,Ничья,Ничья
Сезон 16/17,Sociedad,Osasuna,3,2,H,13,11,6,5,6,22,3,2,2,2,0,0,Sociedad,Osasuna
Сезон 16/17,Espanol,Sociedad,1,2,A,7,15,2,5,15,14,5,6,3,2,0,0,Sociedad,Espanol
Сезон 16/17,Alaves,Barcelona,0,6,A,9,21,4,9,16,9,3,9,1,3,0,0,Barcelona,Alaves
Сезон 16/17,Betis,Valencia,0,0,D,16,8,2,4,15,17,4,6,4,3,0,0,Ничья,Ничья
Сезон 16/17,Osasuna,Real Madrid,1,3,A,11,12,8,6,10,8,3,2,3,2,0,0,Real Madrid,Osasuna
Сезон 16/17,Ath Madrid,Celta,3,2,H,16,14,5,6,11,13,3,3,1,2,0,0,Ath Madrid,Celta
Сезон 16/17,Eibar,Granada,4,0,H,25,13,9,3,11,14,7,8,2,2,0,0,Eibar,Granada
Сезон 16/17,Granada,Betis,4,1,H,10,6,8,2,18,9,4,7,4,1,1,1,Granada,Betis
Сезон 16/17,Real Madrid,Espanol,2,0,H,12,3,3,1,12,13,13,2,3,4,0,0,Real Madrid,Espanol
Сезон 16/17,Sevilla,Eibar,2,0,H,11,11,5,3,13,11,5,2,2,3,0,0,Sevilla,Eibar
Сезон 16/17,Barcelona,Leganes,2,1,H,13,11,6,6,8,18,4,4,1,3,0,0,Barcelona,Leganes
Сезон 16/17,Celta,Osasuna,3,0,H,11,8,4,3,14,18,3,5,1,0,0,0,Celta,Osasuna
Сезон 16/17,Sociedad,Villarreal,0,1,A,16,7,0,3,8,19,7,4,2,4,0,0,Villarreal,Sociedad
Сезон 16/17,Valencia,Ath Bilbao,2,0,H,15,15,5,5,17,11,3,1,0,1,0,0,Valencia,Ath Bilbao
Сезон 16/17,Valencia,Real Madrid,2,1,H,8,22,5,5,12,18,3,11,5,2,0,0,Valencia,Real Madrid
Сезон 16/17,Alaves,Valencia,2,1,H,13,5,5,2,13,16,2,1,4,2,0,1,Alaves,Valencia
Сезон 16/17,Betis,Sevilla,1,2,A,15,13,4,4,19,17,4,4,3,3,0,0,Sevilla,Betis
Сезон 16/17,Ath Bilbao,Granada,3,1,H,14,7,7,2,14,16,0,3,1,5,0,0,Ath Bilbao,Granada
Сезон 16/17,Ath Madrid,Barcelona,1,2,A,12,15,4,6,28,14,6,5,4,2,0,0,Barcelona,Ath Madrid
Сезон 16/17,Espanol,Osasuna,3,0,H,18,4,6,1,11,10,10,2,1,4,0,1,Espanol,Osasuna
Сезон 16/17,Villarreal,Real Madrid,2,3,A,11,25,4,6,15,6,5,5,4,1,0,0,Real Madrid,Villarreal
Сезон 16/17,Sociedad,Eibar,2,2,D,14,13,7,4,12,20,3,5,3,4,1,1,Ничья,Ничья
Сезон 16/17,Valencia,Leganes,1,0,H,16,3,6,0,12,26,7,3,3,2,0,1,Valencia,Leganes
Сезон 16/17,Celta,Espanol,2,2,D,8,8,4,2,16,8,1,3,2,2,1,0,Ничья,Ничья
Сезон 16/17,Granada,Alaves,2,1,H,13,11,6,5,19,15,4,4,6,4,0,2,Granada,Alaves
Сезон 16/17,Osasuna,Villarreal,1,4,A,17,12,3,6,10,13,8,2,3,3,0,0,Villarreal,Osasuna
Сезон 16/17,Sevilla,Ath Bilbao,1,0,H,14,14,4,4,16,10,6,9,6,2,0,0,Sevilla,Ath Bilbao
Сезон 16/17,Betis,Sociedad,2,3,A,12,9,5,6,18,15,7,6,4,2,0,0,Sociedad,Betis
Сезон 16/17,Barcelona,Celta,5,0,H,19,7,9,2,10,16,10,1,1,3,0,0,Barcelona,Celta
Сезон 16/17,Eibar,Real Madrid,1,4,A,12,12,2,7,13,14,4,4,1,1,0,0,Real Madrid,Eibar
Сезон 16/17,Leganes,Granada,1,0,H,16,1,4,1,17,19,7,4,3,2,0,0,Leganes,Granada
Сезон 16/17,Villarreal,Espanol,2,0,H,11,8,6,2,13,18,1,1,2,2,0,0,Villarreal,Espanol
Сезон 16/17,Ath Madrid,Valencia,3,0,H,18,6,8,2,17,9,6,2,1,2,0,0,Ath Madrid,Valencia
Сезон 16/17,Alaves,Sevilla,1,1,D,18,9,4,1,12,16,2,2,2,5,0,0,Ничья,Ничья
Сезон 16/17,Granada,Ath Madrid,0,1,A,12,15,2,6,14,15,4,9,3,3,1,0,Ath Madrid,Granada
Сезон 16/17,Sevilla,Leganes,1,1,D,12,12,4,4,20,20,4,1,2,3,0,0,Ничья,Ничья
Сезон 16/17,Celta,Villarreal,0,1,A,12,8,1,4,8,11,4,3,4,5,0,0,Villarreal,Celta
Сезон 16/17,Real Madrid,Betis,2,1,H,14,9,4,4,8,21,8,4,1,0,0,1,Real Madrid,Betis
Сезон 16/17,Sociedad,Ath Bilbao,0,2,A,16,9,4,5,15,22,8,3,3,6,0,0,Ath Bilbao,Sociedad
Сезон 16/17,Osasuna,Eibar,1,1,D,10,14,6,7,15,14,6,6,4,4,0,0,Ничья,Ничья
Сезон 16/17,Alaves,Sociedad,1,0,H,10,10,5,2,14,13,5,8,3,3,0,1,Alaves,Sociedad
Сезон 16/17,Ath Bilbao,Real Madrid,1,2,A,12,9,5,4,1,4,5,5,1,4,0,0,Real Madrid,Ath Bilbao
Сезон 16/17,Betis,Osasuna,2,0,H,9,13,5,5,12,15,5,0,0,3,0,0,Betis,Osasuna
Сезон 16/17,Eibar,Espanol,1,1,D,16,4,4,1,12,13,6,2,2,4,0,0,Ничья,Ничья
Сезон 16/17,Ath Madrid,Sevilla,3,1,H,15,9,8,2,16,14,2,2,4,3,0,0,Ath Madrid,Sevilla
Сезон 16/17,Barcelona,Valencia,4,2,H,28,6,12,5,4,12,6,3,3,4,0,1,Barcelona,Valencia
Сезон 16/17,Espanol,Betis,2,1,H,8,10,5,3,16,14,4,4,3,2,0,0,Espanol,Betis
Сезон 16/17,Osasuna,Ath Bilbao,1,2,A,8,9,6,4,19,9,6,3,4,2,0,0,Ath Bilbao,Osasuna
Сезон 16/17,Sociedad,Leganes,1,1,D,14,6,5,3,10,16,7,0,2,3,0,0,Ничья,Ничья
Сезон 16/17,Villarreal,Eibar,2,3,A,15,14,7,4,9,10,11,5,4,3,0,0,Eibar,Villarreal
Сезон 16/17,Granada,Barcelona,1,4,A,7,26,5,13,15,10,1,9,1,3,1,0,Barcelona,Granada
Сезон 16/17,Real Madrid,Alaves,3,0,H,18,12,6,3,12,16,3,3,0,2,0,0,Real Madrid,Alaves
Сезон 16/17,Ath Bilbao,Espanol,2,0,H,13,5,5,2,19,16,5,1,1,3,0,0,Ath Bilbao,Espanol
Сезон 16/17,Ath Madrid,Sociedad,1,0,H,20,10,8,1,18,13,6,4,0,4,0,0,Ath Madrid,Sociedad
Сезон 16/17,Betis,Villarreal,0,1,A,15,6,3,2,12,15,5,2,2,2,0,0,Villarreal,Betis
Сезон 16/17,Alaves,Osasuna,0,1,A,15,7,3,6,20,12,5,1,5,1,0,0,Osasuna,Alaves
Сезон 16/17,Barcelona,Sevilla,3,0,H,15,7,7,3,16,13,4,4,4,2,0,1,Barcelona,Sevilla
Сезон 16/17,Leganes,Real Madrid,2,4,A,14,18,3,8,14,16,4,4,2,1,0,0,Real Madrid,Leganes
Сезон 16/17,Valencia,Celta,3,2,H,15,12,10,3,16,9,6,2,1,1,0,0,Valencia,Celta
Сезон 16/17,Villarreal,Ath Bilbao,3,1,H,10,11,5,5,16,16,4,5,6,3,1,0,Villarreal,Ath Bilbao
Сезон 16/17,Espanol,Alaves,1,0,H,15,9,6,0,11,13,5,3,3,3,0,0,Espanol,Alaves
Сезон 16/17,Real Madrid,Ath Madrid,1,1,D,20,10,6,4,12,13,6,2,2,3,0,0,Ничья,Ничья
Сезон 16/17,Celta,Eibar,0,2,A,12,11,3,6,10,16,0,3,1,3,0,0,Eibar,Celta
Сезон 16/17,Granada,Valencia,1,3,A,21,17,5,8,9,13,5,2,2,2,0,0,Valencia,Granada
Сезон 16/17,Osasuna,Leganes,2,1,H,11,17,6,2,14,14,4,8,3,4,0,0,Osasuna,Leganes
Сезон 16/17,Ath Madrid,Osasuna,3,0,H,19,3,8,0,11,14,5,2,1,5,0,0,Ath Madrid,Osasuna
Сезон 16/17,Barcelona,Sociedad,3,2,H,16,14,9,7,15,17,5,4,3,2,0,0,Barcelona,Sociedad
Сезон 16/17,Betis,Eibar,2,0,H,6,10,4,3,15,19,4,6,4,4,0,0,Betis,Eibar
Сезон 16/17,Granada,Celta,0,3,A,17,15,4,4,17,9,8,1,5,2,0,0,Celta,Granada
Сезон 16/17,Leganes,Espanol,0,1,A,15,7,5,2,20,14,5,1,1,1,0,0,Espanol,Leganes
Сезон 16/17,Valencia,Sevilla,0,0,D,14,10,3,2,19,20,4,2,3,2,0,0,Ничья,Ничья
Сезон 16/17,Alaves,Villarreal,2,1,H,11,11,5,5,8,13,5,11,2,4,0,0,Alaves,Villarreal
Сезон 16/17,Sevilla,Granada,2,0,H,28,9,12,2,18,11,7,2,1,2,0,0,Sevilla,Granada
Сезон 16/17,Espanol,Ath Madrid,0,1,A,10,13,2,3,13,10,5,3,3,2,0,0,Ath Madrid,Espanol
Сезон 16/17,Villarreal,Leganes,2,1,H,11,8,5,4,9,19,3,8,1,3,0,0,Villarreal,Leganes
Сезон 16/17,Celta,Betis,0,1,A,8,17,4,6,16,15,5,6,3,5,0,0,Betis,Celta
Сезон 16/17,Real Madrid,Barcelona,2,3,A,22,16,14,9,13,8,7,4,2,2,1,0,Barcelona,Real Madrid
Сезон 16/17,Eibar,Ath Bilbao,0,1,A,7,9,2,3,15,9,5,5,4,2,1,0,Ath Bilbao,Eibar
Сезон 16/17,Ath Madrid,Villarreal,0,1,A,23,6,9,2,15,16,5,1,2,6,0,0,Villarreal,Ath Madrid
Сезон 16/17,Barcelona,Osasuna,7,1,H,19,3,9,2,3,7,10,1,0,0,0,0,Barcelona,Osasuna
Сезон 16/17,Valencia,Sociedad,2,3,A,14,8,3,2,15,21,2,3,4,3,0,0,Sociedad,Valencia
Сезон 16/17,Alaves,Eibar,0,0,D,14,6,4,4,13,14,3,2,4,2,0,1,Ничья,Ничья
Сезон 16/17,Ath Bilbao,Betis,2,1,H,18,9,9,3,10,17,11,1,1,3,0,0,Ath Bilbao,Betis
Сезон 16/17,Sevilla,Celta,2,1,H,16,10,5,1,20,18,5,1,1,2,0,1,Sevilla,Celta
Сезон 16/17,Espanol,Barcelona,0,3,A,6,15,3,9,19,18,4,5,3,0,0,0,Barcelona,Espanol
Сезон 16/17,Real Madrid,Valencia,2,1,H,20,9,5,2,13,10,2,3,3,4,0,0,Real Madrid,Valencia
Сезон 16/17,Sociedad,Granada,2,1,H,13,5,5,3,14,16,7,1,0,3,0,0,Sociedad,Granada
Сезон 16/17,Betis,Alaves,1,4,A,11,9,3,5,14,16,4,0,1,5,0,0,Alaves,Betis
Сезон 16/17,Celta,Ath Bilbao,0,3,A,5,22,0,12,8,11,0,11,1,1,0,0,Ath Bilbao,Celta
Сезон 16/17,Eibar,Leganes,2,0,H,9,12,5,1,12,9,2,11,1,1,0,0,Eibar,Leganes
Сезон 16/17,Sevilla,Sociedad,1,1,D,11,9,3,3,20,10,10,3,4,3,0,1,Ничья,Ничья
Сезон 16/17,Ath Madrid,Eibar,1,0,H,14,7,5,3,6,10,6,5,3,3,1,0,Ath Madrid,Eibar
Сезон 16/17,Barcelona,Villarreal,4,1,H,20,8,8,4,10,13,4,3,2,4,0,0,Barcelona,Villarreal
Сезон 16/17,Granada,Real Madrid,0,4,A,13,16,3,8,14,8,6,3,1,0,0,0,Real Madrid,Granada
Сезон 16/17,Alaves,Ath Bilbao,1,0,H,9,20,3,6,14,11,3,10,1,4,0,0,Alaves,Ath Bilbao
Сезон 16/17,Valencia,Osasuna,4,1,H,19,9,8,4,15,11,9,2,3,2,0,0,Valencia,Osasuna
Сезон 16/17,Leganes,Betis,4,0,H,6,13,4,3,18,13,2,2,3,0,0,0,Leganes,Betis
Сезон 16/17,Espanol,Valencia,0,1,A,15,9,3,3,19,14,7,2,0,4,0,0,Valencia,Espanol
Сезон 16/17,Osasuna,Granada,2,1,H,19,9,7,3,11,9,8,3,1,3,0,0,Osasuna,Granada
Сезон 16/17,Alaves,Celta,3,1,H,11,15,4,4,11,13,4,4,1,3,0,0,Alaves,Celta
Сезон 16/17,Ath Bilbao,Leganes,1,1,D,15,5,6,2,12,8,10,1,2,7,0,0,Ничья,Ничья
Сезон 16/17,Betis,Ath Madrid,1,1,D,13,5,5,2,7,16,3,5,4,4,0,0,Ничья,Ничья
Сезон 16/17,Real Madrid,Sevilla,4,1,H,14,11,7,6,14,19,4,5,4,2,0,0,Real Madrid,Sevilla
Сезон 16/17,Celta,Real Madrid,1,4,A,17,13,6,8,17,9,4,6,4,2,1,0,Real Madrid,Celta
Сезон 16/17,Granada,Espanol,1,2,A,16,5,7,3,12,9,3,3,0,3,0,0,Espanol,Granada
Сезон 16/17,Leganes,Alaves,1,1,D,15,17,4,5,9,14,8,4,0,1,0,0,Ничья,Ничья
Сезон 16/17,Sevilla,Osasuna,5,0,H,17,5,7,2,11,8,1,1,3,1,0,0,Sevilla,Osasuna
Сезон 16/17,Ath Madrid,Ath Bilbao,3,1,H,12,16,4,1,13,11,2,5,2,0,0,0,Ath Madrid,Ath Bilbao
Сезон 16/17,Barcelona,Eibar,4,2,H,18,6,11,4,3,16,10,4,1,2,0,1,Barcelona,Eibar
Сезон 16/17,Celta,Sociedad,2,2,D,13,18,5,8,8,17,3,7,2,1,0,0,Ничья,Ничья
Сезон 16/17,Valencia,Villarreal,1,3,A,16,14,5,6,15,10,9,0,2,2,0,0,Villarreal,Valencia
Сезон 17/18,Leganes,Alaves,1,0,H,16,6,9,3,14,18,4,2,0,1,0,0,Leganes,Alaves
Сезон 17/18,Celta,Sociedad,2,3,A,16,13,5,6,12,11,5,4,3,1,0,0,Sociedad,Celta
Сезон 17/18,Sevilla,Espanol,1,1,D,9,9,4,6,14,12,7,3,2,4,1,0,Ничья,Ничья
Сезон 17/18,Ath Bilbao,Getafe,0,0,D,12,8,2,2,16,15,7,6,1,3,0,1,Ничья,Ничья
Сезон 17/18,Barcelona,Betis,2,0,H,15,3,2,0,16,15,8,0,2,1,0,0,Barcelona,Betis
Сезон 17/18,Levante,Villarreal,1,0,H,14,9,3,1,18,14,11,6,1,3,0,0,Levante,Villarreal
Сезон 17/18,Betis,Celta,2,1,H,10,9,3,2,13,9,4,6,2,2,0,0,Betis,Celta
Сезон 17/18,Sociedad,Villarreal,3,0,H,15,6,9,1,12,22,10,4,2,2,0,0,Sociedad,Villarreal
Сезон 17/18,Alaves,Barcelona,0,2,A,11,23,2,11,12,10,1,14,2,3,0,0,Barcelona,Alaves
Сезон 17/18,Eibar,Ath Bilbao,0,1,A,14,10,5,4,14,11,4,3,1,1,1,0,Ath Bilbao,Eibar
Сезон 17/18,Espanol,Leganes,0,1,A,17,12,2,8,10,14,9,1,3,3,0,0,Leganes,Espanol
Сезон 17/18,Getafe,Sevilla,0,1,A,15,6,3,3,20,10,7,5,0,1,0,0,Sevilla,Getafe
Сезон 17/18,Real Madrid,Valencia,2,2,D,22,7,6,3,12,12,13,4,3,5,0,0,Ничья,Ничья
Сезон 17/18,Leganes,Getafe,1,2,A,11,11,7,3,14,20,2,4,1,2,0,0,Getafe,Leganes
Сезон 17/18,Barcelona,Espanol,5,0,H,20,9,9,1,11,18,8,7,1,5,0,0,Barcelona,Espanol
Сезон 17/18,Real Madrid,Levante,1,1,D,18,5,10,2,9,16,13,3,2,3,1,0,Ничья,Ничья
Сезон 17/18,Sevilla,Eibar,3,0,H,12,7,6,2,14,18,6,5,1,1,0,0,Sevilla,Eibar
Сезон 17/18,Valencia,Ath Madrid,0,0,D,11,13,0,4,16,14,4,3,1,0,0,0,Ничья,Ничья
Сезон 17/18,Celta,Alaves,1,0,H,20,5,3,3,17,17,9,4,4,4,0,0,Celta,Alaves
Сезон 17/18,Villarreal,Betis,3,1,H,14,8,7,3,9,9,4,3,3,0,0,0,Villarreal,Betis
Сезон 17/18,Eibar,Leganes,1,0,H,10,5,4,2,15,20,8,1,2,5,0,0,Eibar,Leganes
Сезон 17/18,Getafe,Barcelona,1,2,A,13,7,4,5,15,14,3,4,2,4,0,0,Barcelona,Getafe
Сезон 17/18,Levante,Valencia,1,1,D,9,13,2,5,21,11,1,3,2,1,0,0,Ничья,Ничья
Сезон 17/18,Alaves,Villarreal,0,3,A,16,16,2,6,12,25,2,3,2,2,0,0,Villarreal,Alaves
Сезон 17/18,Sociedad,Real Madrid,1,3,A,10,18,5,6,12,15,4,6,3,2,0,0,Real Madrid,Sociedad
Сезон 17/18,Espanol,Celta,2,1,H,9,11,3,1,12,14,3,5,1,4,0,0,Espanol,Celta
Сезон 17/18,Barcelona,Eibar,6,1,H,11,13,10,4,4,9,7,7,0,2,0,0,Barcelona,Eibar
Сезон 17/18,Ath Bilbao,Ath Madrid,1,2,A,12,16,7,9,12,12,6,0,0,2,0,0,Ath Madrid,Ath Bilbao
Сезон 17/18,Real Madrid,Betis,0,1,A,27,12,7,4,13,11,12,3,0,3,0,0,Betis,Real Madrid
Сезон 17/18,Celta,Getafe,1,1,D,8,10,4,3,9,21,3,2,2,4,0,0,Ничья,Ничья
Сезон 17/18,Levante,Sociedad,3,0,H,13,13,9,3,13,11,3,6,2,0,0,1,Levante,Sociedad
Сезон 17/18,Villarreal,Espanol,0,0,D,14,10,5,3,17,10,5,5,5,2,0,0,Ничья,Ничья
Сезон 17/18,Alaves,Real Madrid,1,2,A,8,21,3,7,19,19,5,13,5,2,0,0,Real Madrid,Alaves
Сезон 17/18,Ath Madrid,Sevilla,2,0,H,13,11,4,0,11,17,7,6,4,3,0,0,Ath Madrid,Sevilla
Сезон 17/18,Eibar,Celta,0,4,A,9,10,0,6,14,5,4,4,2,1,0,0,Celta,Eibar
Сезон 17/18,Getafe,Villarreal,4,0,H,17,6,8,1,11,16,7,4,1,4,0,0,Getafe,Villarreal
Сезон 17/18,Sociedad,Valencia,2,3,A,18,13,6,4,11,13,7,6,3,7,1,1,Valencia,Sociedad
Сезон 17/18,Betis,Levante,4,0,H,14,8,6,1,9,5,6,3,1,0,0,0,Betis,Levante
Сезон 17/18,Leganes,Ath Madrid,0,0,D,7,11,3,2,13,13,2,6,2,1,0,0,Ничья,Ничья
Сезон 17/18,Levante,Alaves,0,2,A,13,8,0,3,11,18,8,4,2,4,0,0,Alaves,Levante
Сезон 17/18,Real Madrid,Espanol,2,0,H,22,8,8,3,8,10,10,3,2,2,0,0,Real Madrid,Espanol
Сезон 17/18,Sociedad,Betis,4,4,D,17,10,6,6,9,18,12,5,3,3,0,0,Ничья,Ничья
Сезон 17/18,Valencia,Ath Bilbao,3,2,H,10,16,6,6,18,16,2,8,3,4,0,0,Valencia,Ath Bilbao
Сезон 17/18,Villarreal,Eibar,3,0,H,12,8,6,1,15,9,6,3,2,1,0,0,Villarreal,Eibar
Сезон 17/18,Espanol,Levante,0,0,D,20,13,6,3,9,13,9,4,2,3,0,0,Ничья,Ничья
Сезон 17/18,Alaves,Sociedad,0,2,A,8,13,0,6,11,7,4,9,1,1,0,0,Sociedad,Alaves
Сезон 17/18,Ath Bilbao,Sevilla,1,0,H,15,14,2,6,18,9,6,6,5,5,0,0,Ath Bilbao,Sevilla
Сезон 17/18,Ath Madrid,Barcelona,1,1,D,5,15,4,7,12,10,2,1,3,2,0,0,Ничья,Ничья
Сезон 17/18,Getafe,Real Madrid,1,2,A,8,16,3,6,23,8,4,7,2,3,0,0,Real Madrid,Getafe
Сезон 17/18,Betis,Valencia,3,6,A,13,13,6,9,11,11,7,5,1,4,0,0,Valencia,Betis
Сезон 17/18,Betis,Alaves,2,0,H,12,7,5,3,18,9,6,5,2,2,0,0,Betis,Alaves
Сезон 17/18,Levante,Getafe,1,1,D,5,9,1,5,18,16,3,2,1,3,0,0,Ничья,Ничья
Сезон 17/18,Valencia,Sevilla,4,0,H,18,18,8,5,15,21,7,10,2,4,0,0,Valencia,Sevilla
Сезон 17/18,Celta,Ath Madrid,0,1,A,19,4,8,2,13,19,4,4,3,5,0,0,Ath Madrid,Celta
Сезон 17/18,Leganes,Ath Bilbao,1,0,H,15,7,4,1,16,15,4,3,3,4,0,0,Leganes,Ath Bilbao
Сезон 17/18,Real Madrid,Eibar,3,0,H,15,9,7,2,9,7,5,2,1,1,0,0,Real Madrid,Eibar
Сезон 17/18,Sociedad,Espanol,1,1,D,19,4,5,1,12,15,10,1,4,4,1,0,Ничья,Ничья
Сезон 17/18,Alaves,Valencia,1,2,A,16,7,6,2,19,18,6,4,5,1,0,0,Valencia,Alaves
Сезон 17/18,Ath Bilbao,Barcelona,0,2,A,17,17,5,5,15,12,6,4,1,4,0,0,Barcelona,Ath Bilbao
Сезон 17/18,Ath Madrid,Villarreal,1,1,D,18,12,6,4,13,20,11,6,0,4,0,0,Ничья,Ничья
Сезон 17/18,Sevilla,Leganes,2,1,H,9,10,5,1,16,19,5,6,0,3,0,0,Sevilla,Leganes
Сезон 17/18,Eibar,Levante,2,2,D,16,3,6,2,8,16,6,2,1,3,0,0,Ничья,Ничья
Сезон 17/18,Getafe,Sociedad,2,1,H,10,15,5,4,19,16,8,7,3,2,0,0,Getafe,Sociedad
Сезон 17/18,Espanol,Betis,1,0,H,10,9,4,4,10,17,5,3,2,5,0,0,Espanol,Betis
Сезон 17/18,Betis,Getafe,2,2,D,15,9,4,2,10,14,4,6,2,6,0,0,Ничья,Ничья
Сезон 17/18,Alaves,Espanol,1,0,H,17,9,6,3,29,9,3,8,7,2,0,1,Alaves,Espanol
Сезон 17/18,Barcelona,Sevilla,2,1,H,18,8,6,3,10,12,3,3,1,0,0,0,Barcelona,Sevilla
Сезон 17/18,Valencia,Leganes,3,0,H,13,13,7,6,11,13,4,7,1,2,0,0,Valencia,Leganes
Сезон 17/18,Celta,Ath Bilbao,3,1,H,11,14,5,5,13,17,3,6,2,3,0,0,Celta,Ath Bilbao
Сезон 17/18,Sociedad,Eibar,3,1,H,10,9,6,5,10,17,3,6,0,3,0,0,Sociedad,Eibar
Сезон 17/18,Ath Madrid,Real Madrid,0,0,D,7,14,1,3,21,6,7,9,6,2,0,0,Ничья,Ничья
Сезон 17/18,Getafe,Alaves,4,1,H,13,11,8,5,18,14,4,5,3,3,0,0,Getafe,Alaves
Сезон 17/18,Leganes,Barcelona,0,3,A,18,11,7,7,25,10,6,3,1,2,0,0,Barcelona,Leganes
Сезон 17/18,Sevilla,Celta,2,1,H,12,11,5,5,20,17,1,2,3,2,0,0,Sevilla,Celta
Сезон 17/18,Ath Bilbao,Villarreal,1,1,D,15,7,3,4,10,16,9,7,1,3,0,0,Ничья,Ничья
Сезон 17/18,Espanol,Valencia,0,2,A,12,7,4,3,11,17,3,4,0,4,0,0,Valencia,Espanol
Сезон 17/18,Eibar,Betis,5,0,H,17,4,7,0,10,9,5,2,2,2,0,1,Eibar,Betis
Сезон 17/18,Celta,Leganes,1,0,H,14,9,7,2,13,16,3,4,2,3,0,0,Celta,Leganes
Сезон 17/18,Alaves,Eibar,1,2,A,6,11,2,6,18,19,2,5,7,3,1,1,Eibar,Alaves
Сезон 17/18,Levante,Ath Madrid,0,5,A,17,16,2,11,11,14,2,3,2,1,0,0,Ath Madrid,Levante
Сезон 17/18,Valencia,Barcelona,1,1,D,8,12,1,8,12,11,3,9,4,0,0,0,Ничья,Ничья
Сезон 17/18,Villarreal,Sevilla,2,3,A,19,15,4,4,9,17,6,6,4,3,1,0,Sevilla,Villarreal
Сезон 17/18,Espanol,Getafe,1,0,H,10,7,5,4,12,18,6,4,3,6,0,0,Espanol,Getafe
Сезон 17/18,Ath Bilbao,Real Madrid,0,0,D,11,19,4,4,20,13,3,5,2,5,0,1,Ничья,Ничья
Сезон 17/18,Ath Madrid,Sociedad,2,1,H,16,10,10,2,12,10,5,6,1,2,0,0,Ath Madrid,Sociedad
Сезон 17/18,Barcelona,Celta,2,2,D,21,10,7,5,11,12,4,1,3,6,0,0,Ничья,Ничья
Сезон 17/18,Eibar,Espanol,3,1,H,10,6,5,3,13,16,3,2,3,3,0,0,Eibar,Espanol
Сезон 17/18,Getafe,Valencia,1,0,H,11,13,3,6,18,11,5,12,8,4,1,0,Getafe,Valencia
Сезон 17/18,Leganes,Villarreal,3,1,H,12,12,5,4,11,17,5,6,2,4,0,0,Leganes,Villarreal
Сезон 17/18,Getafe,Eibar,0,0,D,6,7,3,2,14,13,9,7,1,4,0,0,Ничья,Ничья
Сезон 17/18,Real Madrid,Sevilla,5,0,H,20,11,8,3,12,11,9,3,0,2,0,0,Real Madrid,Sevilla
Сезон 17/18,Valencia,Celta,2,1,H,13,13,7,5,16,12,10,2,2,5,0,0,Valencia,Celta
Сезон 17/18,Betis,Ath Madrid,0,1,A,9,4,4,2,15,19,3,2,4,3,0,0,Ath Madrid,Betis
Сезон 17/18,Levante,Ath Bilbao,1,2,A,12,14,3,3,11,13,8,6,3,3,0,0,Ath Bilbao,Levante
Сезон 17/18,Villarreal,Barcelona,0,2,A,9,16,5,6,18,13,2,4,2,1,1,0,Barcelona,Villarreal
Сезон 17/18,Sevilla,Levante,0,0,D,16,10,6,2,22,14,8,5,2,3,0,0,Ничья,Ничья
Сезон 17/18,Ath Bilbao,Sociedad,0,0,D,7,10,1,2,14,9,6,6,3,0,0,0,Ничья,Ничья
Сезон 17/18,Ath Madrid,Alaves,1,0,H,10,11,4,0,14,16,4,4,3,4,0,0,Ath Madrid,Alaves
Сезон 17/18,Eibar,Valencia,2,1,H,15,7,3,3,13,13,5,6,1,4,0,0,Eibar,Valencia
Сезон 17/18,Celta,Villarreal,0,1,A,10,8,3,5,11,19,2,2,1,3,0,0,Villarreal,Celta
Сезон 17/18,Levante,Leganes,0,0,D,10,10,3,2,21,17,6,5,6,6,1,1,Ничья,Ничья
Сезон 17/18,Sociedad,Sevilla,3,1,H,14,9,5,4,9,18,4,5,1,5,0,0,Sociedad,Sevilla
Сезон 17/18,Betis,Ath Bilbao,0,2,A,16,19,6,7,7,6,6,9,1,2,1,0,Ath Bilbao,Betis
Сезон 17/18,Espanol,Ath Madrid,1,0,H,7,9,4,1,18,22,2,3,2,5,0,0,Espanol,Ath Madrid
Сезон 17/18,Real Madrid,Barcelona,0,3,A,14,18,5,11,14,10,7,7,2,2,1,0,Barcelona,Real Madrid
Сезон 17/18,Valencia,Villarreal,0,1,A,22,9,3,2,11,21,14,1,7,5,1,1,Villarreal,Valencia
Сезон 17/18,Ath Madrid,Getafe,2,0,H,9,10,5,5,11,16,5,0,7,3,1,0,Ath Madrid,Getafe
Сезон 17/18,Sevilla,Betis,3,5,A,14,9,3,5,16,18,12,0,3,6,0,0,Betis,Sevilla
Сезон 17/18,Ath Bilbao,Alaves,2,0,H,14,8,8,1,23,20,4,1,2,4,0,0,Ath Bilbao,Alaves
Сезон 17/18,Barcelona,Levante,3,0,H,16,9,8,2,10,22,3,6,0,4,0,0,Barcelona,Levante
Сезон 17/18,Celta,Real Madrid,2,2,D,10,19,5,8,10,15,3,7,2,2,0,0,Ничья,Ничья
Сезон 17/18,Leganes,Sociedad,1,0,H,8,9,4,5,14,11,5,6,0,1,0,0,Leganes,Sociedad
Сезон 17/18,Eibar,Ath Madrid,0,1,A,11,7,4,3,12,9,9,1,2,1,0,0,Ath Madrid,Eibar
Сезон 17/18,Real Madrid,Villarreal,0,1,A,28,10,7,4,11,12,11,0,2,1,0,0,Villarreal,Real Madrid
Сезон 17/18,Alaves,Sevilla,1,0,H,12,14,3,1,18,12,5,4,5,2,1,0,Alaves,Sevilla
Сезон 17/18,Espanol,Ath Bilbao,1,1,D,11,8,3,3,14,16,4,2,2,4,0,0,Ничья,Ничья
Сезон 17/18,Levante,Celta,0,1,A,15,3,5,2,19,7,6,2,4,3,0,0,Celta,Levante
Сезон 17/18,Sociedad,Barcelona,2,4,A,15,11,6,5,15,13,7,3,2,2,0,0,Barcelona,Sociedad
Сезон 17/18,Betis,Leganes,3,2,H,16,10,9,6,12,15,1,1,2,3,0,0,Betis,Leganes
Сезон 17/18,Getafe,Ath Bilbao,2,2,D,17,7,6,6,17,12,6,2,5,1,0,0,Ничья,Ничья
Сезон 17/18,Espanol,Sevilla,0,3,A,9,12,0,7,18,14,8,2,4,2,0,0,Sevilla,Espanol
Сезон 17/18,Villarreal,Levante,2,1,H,18,16,6,4,14,16,6,4,2,2,0,0,Villarreal,Levante
Сезон 17/18,Alaves,Leganes,2,2,D,14,8,6,4,13,14,4,6,3,3,1,0,Ничья,Ничья
Сезон 17/18,Betis,Barcelona,0,5,A,7,14,2,10,12,9,4,2,2,2,0,0,Barcelona,Betis
Сезон 17/18,Sociedad,Celta,1,2,A,16,10,2,3,10,7,8,3,1,2,0,0,Celta,Sociedad
Сезон 17/18,Ath Bilbao,Eibar,1,1,D,7,14,1,2,15,14,3,7,0,0,0,0,Ничья,Ничья
Сезон 17/18,Valencia,Real Madrid,1,4,A,11,13,4,7,20,22,4,4,2,3,0,0,Real Madrid,Valencia
Сезон 17/18,Villarreal,Sociedad,4,2,H,11,24,7,6,16,6,2,9,1,1,0,0,Villarreal,Sociedad
Сезон 17/18,Barcelona,Alaves,2,1,H,18,7,12,4,6,18,8,1,0,2,0,0,Barcelona,Alaves
Сезон 17/18,Leganes,Espanol,3,2,H,11,12,6,4,20,19,1,7,2,4,0,0,Leganes,Espanol
Сезон 17/18,Sevilla,Getafe,1,1,D,15,7,1,2,12,15,3,4,3,3,0,0,Ничья,Ничья
Сезон 17/18,Celta,Betis,3,2,H,13,7,5,3,13,8,7,2,1,5,0,0,Celta,Betis
Сезон 17/18,Alaves,Celta,2,1,H,9,16,3,4,13,11,2,1,3,2,0,0,Alaves,Celta
Сезон 17/18,Betis,Villarreal,2,1,H,13,12,4,3,11,12,2,6,1,2,0,1,Betis,Villarreal
Сезон 17/18,Eibar,Sevilla,5,1,H,17,11,7,3,11,20,5,3,0,3,0,0,Eibar,Sevilla
Сезон 17/18,Levante,Real Madrid,2,2,D,12,23,4,9,14,7,4,6,3,3,0,0,Ничья,Ничья
Сезон 17/18,Ath Madrid,Valencia,1,0,H,14,9,4,0,18,4,9,1,1,1,0,0,Ath Madrid,Valencia
Сезон 17/18,Espanol,Barcelona,1,1,D,7,12,2,2,15,12,0,7,5,3,0,0,Ничья,Ничья
Сезон 17/18,Getafe,Leganes,0,0,D,11,2,1,1,17,20,5,2,2,6,0,0,Ничья,Ничья
Сезон 17/18,Leganes,Eibar,0,1,A,2,19,0,6,14,6,1,10,4,2,1,0,Eibar,Leganes
Сезон 17/18,Real Madrid,Sociedad,5,2,H,18,8,9,3,11,10,5,3,2,1,0,0,Real Madrid,Sociedad
Сезон 17/18,Villarreal,Alaves,1,2,A,27,5,6,4,15,15,13,2,4,4,0,0,Alaves,Villarreal
Сезон 17/18,Barcelona,Getafe,0,0,D,12,10,6,1,7,13,9,3,2,3,0,0,Ничья,Ничья
Сезон 17/18,Celta,Espanol,2,2,D,18,3,7,2,9,16,9,1,3,4,0,0,Ничья,Ничья
Сезон 17/18,Valencia,Levante,3,1,H,18,5,8,1,10,19,7,9,3,4,0,0,Valencia,Levante
Сезон 17/18,Eibar,Barcelona,0,2,A,13,10,3,6,13,6,6,0,3,1,1,0,Barcelona,Eibar
Сезон 17/18,Ath Madrid,Ath Bilbao,2,0,H,14,4,4,0,6,12,5,2,3,2,0,0,Ath Madrid,Ath Bilbao
Сезон 17/18,Betis,Real Madrid,3,5,A,20,12,5,9,7,15,7,5,3,5,0,0,Real Madrid,Betis
Сезон 17/18,Espanol,Villarreal,1,1,D,15,8,3,3,7,19,2,5,1,7,0,0,Ничья,Ничья
Сезон 17/18,Sociedad,Levante,3,0,H,13,9,3,1,12,13,2,4,0,2,0,0,Sociedad,Levante
Сезон 17/18,Getafe,Celta,3,0,H,9,4,5,1,21,15,5,5,4,3,0,0,Getafe,Celta
Сезон 17/18,Leganes,Real Madrid,1,3,A,7,13,3,7,18,7,6,5,3,1,0,0,Real Madrid,Leganes
Сезон 17/18,Celta,Eibar,2,0,H,8,15,3,2,11,16,3,9,2,3,0,0,Celta,Eibar
Сезон 17/18,Real Madrid,Alaves,4,0,H,25,11,10,5,9,14,9,5,1,2,0,0,Real Madrid,Alaves
Сезон 17/18,Sevilla,Ath Madrid,2,5,A,10,13,5,8,10,24,5,4,3,3,0,0,Ath Madrid,Sevilla
Сезон 17/18,Valencia,Sociedad,2,1,H,7,9,4,3,12,9,4,4,2,3,0,0,Valencia,Sociedad
Сезон 17/18,Villarreal,Getafe,1,0,H,10,3,4,2,14,21,2,8,5,3,0,0,Villarreal,Getafe
Сезон 17/18,Levante,Betis,0,2,A,12,15,2,6,17,8,5,5,5,2,0,0,Betis,Levante
Сезон 17/18,Espanol,Real Madrid,1,0,H,16,12,7,5,15,10,3,8,1,1,0,0,Espanol,Real Madrid
Сезон 17/18,Ath Bilbao,Valencia,1,1,D,11,6,4,4,16,16,6,1,1,2,0,0,Ничья,Ничья
Сезон 17/18,Ath Madrid,Leganes,4,0,H,15,9,8,3,10,10,5,1,1,3,0,0,Ath Madrid,Leganes
Сезон 17/18,Eibar,Villarreal,1,0,H,13,11,1,3,18,8,6,4,4,2,0,0,Eibar,Villarreal
Сезон 17/18,Alaves,Levante,1,0,H,15,6,5,1,14,17,5,3,4,4,1,1,Alaves,Levante
Сезон 17/18,Betis,Sociedad,0,0,D,8,13,4,5,11,7,4,10,2,0,0,0,Ничья,Ничья
Сезон 17/18,Real Madrid,Getafe,3,1,H,14,4,6,4,13,18,8,0,1,3,0,1,Real Madrid,Getafe
Сезон 17/18,Sevilla,Ath Bilbao,2,0,H,18,10,8,3,14,13,8,4,2,3,0,0,Sevilla,Ath Bilbao
Сезон 17/18,Barcelona,Ath Madrid,1,0,H,16,6,5,1,16,20,12,1,2,2,0,0,Barcelona,Ath Madrid
Сезон 17/18,Levante,Espanol,1,1,D,13,15,4,3,14,13,2,1,0,3,0,0,Ничья,Ничья
Сезон 17/18,Sociedad,Alaves,2,1,H,14,3,5,1,10,13,8,4,0,1,0,0,Sociedad,Alaves
Сезон 17/18,Valencia,Betis,2,0,H,12,9,6,4,14,11,7,0,1,4,0,0,Valencia,Betis
Сезон 17/18,Eibar,Real Madrid,1,2,A,12,12,3,6,12,7,8,6,1,1,0,0,Real Madrid,Eibar
Сезон 17/18,Getafe,Levante,0,1,A,11,12,4,4,14,16,4,7,5,7,0,1,Levante,Getafe
Сезон 17/18,Sevilla,Valencia,0,2,A,21,10,5,5,15,15,7,3,4,2,0,0,Valencia,Sevilla
Сезон 17/18,Ath Bilbao,Leganes,2,0,H,13,12,5,1,12,14,3,6,2,5,0,0,Ath Bilbao,Leganes
Сезон 17/18,Ath Madrid,Celta,3,0,H,7,8,3,2,14,10,6,4,1,2,0,0,Ath Madrid,Celta
Сезон 17/18,Espanol,Sociedad,2,1,H,18,11,7,5,18,14,6,4,0,2,0,0,Espanol,Sociedad
Сезон 17/18,Alaves,Betis,1,3,A,9,10,1,4,18,17,6,2,2,3,0,0,Betis,Alaves
Сезон 17/18,Levante,Eibar,2,1,H,6,13,3,4,11,11,4,5,4,3,0,0,Levante,Eibar
Сезон 17/18,Betis,Espanol,3,0,H,9,4,4,1,15,11,3,5,1,3,0,0,Betis,Espanol
Сезон 17/18,Sociedad,Getafe,1,2,A,8,9,2,5,13,21,7,1,3,7,0,0,Getafe,Sociedad
Сезон 17/18,Valencia,Alaves,3,1,H,24,16,10,4,8,14,9,2,1,1,0,0,Valencia,Alaves
Сезон 17/18,Barcelona,Ath Bilbao,2,0,H,18,10,9,3,7,14,6,5,2,2,0,0,Barcelona,Ath Bilbao
Сезон 17/18,Leganes,Sevilla,2,1,H,12,10,6,4,13,11,5,4,2,4,0,1,Leganes,Sevilla
Сезон 17/18,Villarreal,Ath Madrid,2,1,H,17,8,5,2,13,16,5,4,5,3,0,1,Villarreal,Ath Madrid
Сезон 17/18,Ath Bilbao,Celta,1,1,D,11,13,2,3,10,10,4,5,3,1,0,0,Ничья,Ничья
Сезон 17/18,Sevilla,Barcelona,2,2,D,21,20,6,9,11,7,5,9,2,0,0,0,Ничья,Ничья
Сезон 17/18,Eibar,Sociedad,0,0,D,15,7,3,0,14,10,8,1,4,2,0,0,Ничья,Ничья
Сезон 17/18,Espanol,Alaves,0,0,D,12,13,3,4,18,12,6,5,3,2,0,0,Ничья,Ничья
Сезон 17/18,Leganes,Valencia,0,1,A,8,3,1,1,14,17,5,2,3,4,0,0,Valencia,Leganes
Сезон 17/18,Getafe,Betis,0,1,A,8,7,4,4,21,9,4,0,4,2,0,0,Betis,Getafe
Сезон 17/18,Alaves,Getafe,2,0,H,11,5,2,1,17,22,1,3,2,3,0,0,Alaves,Getafe
Сезон 17/18,Barcelona,Leganes,3,1,H,12,11,6,1,14,12,5,3,2,4,0,0,Barcelona,Leganes
Сезон 17/18,Betis,Eibar,2,0,H,13,5,4,2,10,11,7,8,2,2,0,0,Betis,Eibar
Сезон 17/18,Celta,Sevilla,4,0,H,12,16,6,6,8,12,3,10,1,2,0,0,Celta,Sevilla
Сезон 17/18,Real Madrid,Ath Madrid,1,1,D,30,9,8,5,12,17,11,2,2,3,0,0,Ничья,Ничья
Сезон 17/18,Valencia,Espanol,1,0,H,14,21,6,6,17,10,4,3,3,2,0,0,Valencia,Espanol
Сезон 17/18,Villarreal,Ath Bilbao,1,3,A,7,17,2,13,17,11,3,6,5,5,1,0,Ath Bilbao,Villarreal
Сезон 17/18,Barcelona,Valencia,2,1,H,12,17,7,6,9,11,6,5,2,2,0,0,Barcelona,Valencia
Сезон 17/18,Leganes,Celta,1,0,H,19,5,7,2,22,17,8,3,3,3,0,0,Leganes,Celta
Сезон 17/18,Sevilla,Villarreal,2,2,D,18,7,4,4,11,23,10,2,5,3,1,1,Ничья,Ничья
Сезон 17/18,Ath Madrid,Levante,3,0,H,13,11,5,3,9,13,8,3,2,1,0,0,Ath Madrid,Levante
Сезон 17/18,Eibar,Alaves,0,1,A,21,2,4,1,11,18,12,1,2,1,0,0,Alaves,Eibar
Сезон 17/18,Getafe,Espanol,1,0,H,13,5,4,0,19,13,4,3,6,2,1,0,Getafe,Espanol
Сезон 17/18,Celta,Barcelona,2,2,D,18,14,8,6,9,7,6,4,3,0,0,1,Ничья,Ничья
Сезон 17/18,Villarreal,Leganes,2,1,H,17,6,6,1,14,14,10,4,1,1,0,0,Villarreal,Leganes
Сезон 17/18,Espanol,Eibar,0,1,A,10,5,4,1,17,17,3,6,3,2,0,0,Eibar,Espanol
Сезон 17/18,Real Madrid,Ath Bilbao,1,1,D,29,6,10,2,6,19,16,2,2,4,0,0,Ничья,Ничья
Сезон 17/18,Valencia,Getafe,1,2,A,10,8,3,3,10,14,7,5,1,7,1,0,Getafe,Valencia
Сезон 17/18,Sociedad,Ath Madrid,3,0,H,12,9,4,2,13,13,6,6,1,0,0,0,Sociedad,Ath Madrid
Сезон 17/18,Celta,Valencia,1,1,D,10,17,3,7,14,19,4,3,1,2,0,0,Ничья,Ничья
Сезон 17/18,Eibar,Getafe,0,1,A,12,7,2,4,15,16,8,3,4,1,0,0,Getafe,Eibar
Сезон 17/18,Ath Madrid,Betis,0,0,D,10,10,2,4,17,14,8,3,2,5,0,0,Ничья,Ничья
Сезон 17/18,Ath Bilbao,Levante,1,3,A,18,11,5,7,13,14,2,9,3,3,0,0,Levante,Ath Bilbao
Сезон 17/18,Levante,Sevilla,2,1,H,15,22,5,4,4,15,4,8,1,1,0,0,Levante,Sevilla
Сезон 17/18,Real Madrid,Leganes,2,1,H,12,16,5,6,16,15,3,2,0,1,0,1,Real Madrid,Leganes
Сезон 17/18,Sociedad,Ath Bilbao,3,1,H,17,9,4,3,16,16,3,7,3,6,1,0,Sociedad,Ath Bilbao
Сезон 17/18,Villarreal,Celta,4,1,H,13,15,7,4,14,8,5,7,2,0,0,0,Villarreal,Celta
Сезон 17/18,Alaves,Ath Madrid,0,1,A,7,14,3,6,14,12,3,4,4,6,0,1,Ath Madrid,Alaves
Сезон 17/18,Valencia,Eibar,0,0,D,16,8,5,2,12,19,8,2,2,3,0,0,Ничья,Ничья
Сезон 17/18,Sevilla,Sociedad,1,0,H,16,11,6,1,17,13,6,4,4,2,0,0,Sevilla,Sociedad
Сезон 17/18,Ath Bilbao,Betis,2,0,H,14,6,5,3,13,12,4,5,0,2,0,0,Ath Bilbao,Betis
Сезон 17/18,Villarreal,Valencia,1,0,H,13,6,5,2,18,18,7,3,5,3,0,0,Villarreal,Valencia
Сезон 17/18,Ath Madrid,Espanol,0,2,A,9,14,3,6,9,13,6,3,1,3,0,0,Espanol,Ath Madrid
Сезон 17/18,Barcelona,Real Madrid,2,2,D,11,17,4,5,8,20,6,5,3,5,1,0,Ничья,Ничья
Сезон 17/18,Leganes,Levante,0,3,A,13,10,2,3,15,11,6,5,5,1,1,0,Levante,Leganes
Сезон 17/18,Barcelona,Villarreal,5,1,H,12,20,6,7,6,15,4,4,0,3,0,0,Barcelona,Villarreal
Сезон 17/18,Sevilla,Real Madrid,3,2,H,14,14,6,4,21,9,2,3,3,1,0,0,Sevilla,Real Madrid
Сезон 17/18,Alaves,Ath Bilbao,3,1,H,4,13,3,4,15,13,0,8,2,5,0,0,Alaves,Ath Bilbao
Сезон 17/18,Betis,Sevilla,2,2,D,9,13,5,5,10,19,4,5,1,4,0,0,Ничья,Ничья
Сезон 17/18,Getafe,Ath Madrid,0,1,A,11,5,4,3,13,17,8,2,3,2,0,0,Ath Madrid,Getafe
Сезон 17/18,Real Madrid,Celta,6,0,H,15,5,10,1,5,10,4,2,0,1,0,0,Real Madrid,Celta
Сезон 17/18,Sociedad,Leganes,3,2,H,11,9,6,3,8,12,5,1,1,2,0,0,Sociedad,Leganes
Сезон 17/18,Levante,Barcelona,5,4,H,12,18,7,7,18,12,3,8,6,6,0,0,Levante,Barcelona
Сезон 17/18,Celta,Levante,4,2,H,20,7,9,3,9,15,5,3,1,3,0,1,Celta,Levante
Сезон 17/18,Leganes,Betis,3,2,H,8,16,3,8,9,9,6,4,2,0,1,0,Leganes,Betis
Сезон 17/18,Sevilla,Alaves,1,0,H,20,10,8,4,15,12,8,3,2,2,0,0,Sevilla,Alaves
Сезон 17/18,Villarreal,Real Madrid,2,2,D,14,15,5,7,13,10,4,5,4,3,0,0,Ничья,Ничья
Сезон 17/18,Ath Bilbao,Espanol,0,1,A,12,11,3,4,4,11,7,7,0,1,0,0,Espanol,Ath Bilbao
Сезон 17/18,Ath Madrid,Eibar,2,2,D,8,14,4,3,14,14,2,2,6,2,1,0,Ничья,Ничья
Сезон 17/18,Barcelona,Sociedad,1,0,H,12,13,4,2,13,13,3,8,3,2,0,0,Barcelona,Sociedad
Сезон 18/19,Betis,Levante,0,3,A,22,6,8,4,10,10,5,3,0,2,0,0,Levante,Betis
Сезон 18/19,Barcelona,Alaves,3,0,H,25,3,9,0,6,13,7,1,0,2,0,0,Barcelona,Alaves
Сезон 18/19,Celta,Espanol,1,1,D,12,14,2,5,13,14,8,7,3,2,0,0,Ничья,Ничья
Сезон 18/19,Villarreal,Sociedad,1,2,A,16,8,7,4,16,10,4,6,2,3,0,0,Sociedad,Villarreal
Сезон 18/19,Real Madrid,Getafe,2,0,H,10,4,3,1,11,27,3,0,1,7,0,0,Real Madrid,Getafe
Сезон 18/19,Ath Bilbao,Leganes,2,1,H,17,12,5,2,12,13,6,2,4,5,0,0,Ath Bilbao,Leganes
Сезон 18/19,Valencia,Ath Madrid,1,1,D,13,9,4,3,10,15,4,10,2,3,0,0,Ничья,Ничья
Сезон 18/19,Getafe,Eibar,2,0,H,7,9,4,0,14,11,5,5,2,1,0,0,Getafe,Eibar
Сезон 18/19,Leganes,Sociedad,2,2,D,18,7,5,6,12,9,5,0,1,2,0,0,Ничья,Ничья
Сезон 18/19,Alaves,Betis,0,0,D,16,13,4,5,17,15,5,6,3,1,0,0,Ничья,Ничья
Сезон 18/19,Valladolid,Barcelona,0,1,A,7,10,4,5,13,11,6,10,1,1,0,0,Barcelona,Valladolid
Сезон 18/19,Espanol,Valencia,2,0,H,19,16,9,4,16,12,6,10,1,1,0,0,Espanol,Valencia
Сезон 18/19,Sevilla,Villarreal,0,0,D,19,14,2,6,13,14,4,5,3,2,0,0,Ничья,Ничья
Сезон 18/19,Levante,Celta,1,2,A,15,21,6,9,14,8,7,7,2,3,0,0,Celta,Levante
Сезон 18/19,Eibar,Sociedad,2,1,H,8,7,2,2,18,15,4,2,3,2,0,0,Eibar,Sociedad
Сезон 18/19,Getafe,Valladolid,0,0,D,12,7,3,4,22,14,6,7,3,1,0,0,Ничья,Ничья
Сезон 18/19,Celta,Ath Madrid,2,0,H,10,9,4,0,12,14,2,8,4,5,0,1,Celta,Ath Madrid
Сезон 18/19,Real Madrid,Leganes,4,1,H,17,8,8,3,11,11,8,1,1,1,0,0,Real Madrid,Leganes
Сезон 18/19,Alaves,Espanol,2,1,H,8,11,5,7,19,13,0,12,4,3,0,0,Alaves,Espanol
Сезон 18/19,Betis,Sevilla,1,0,H,11,8,3,2,15,17,5,8,3,6,0,1,Betis,Sevilla
Сезон 18/19,Levante,Valencia,2,2,D,13,18,4,5,14,10,3,5,4,2,1,0,Ничья,Ничья
Сезон 18/19,Ath Bilbao,Real Madrid,1,1,D,11,16,3,6,18,6,1,2,6,2,0,0,Ничья,Ничья
Сезон 18/19,Ath Madrid,Eibar,1,1,D,18,12,9,3,5,21,14,3,2,2,0,0,Ничья,Ничья
Сезон 18/19,Sociedad,Barcelona,1,2,A,8,12,5,6,18,8,1,6,1,1,0,0,Barcelona,Sociedad
Сезон 18/19,Valencia,Betis,0,0,D,12,11,2,6,22,9,5,4,6,3,0,0,Ничья,Ничья
Сезон 18/19,Espanol,Levante,1,0,H,22,16,9,4,17,13,5,4,1,2,0,0,Espanol,Levante
Сезон 18/19,Leganes,Villarreal,0,1,A,16,9,3,3,16,9,6,1,4,3,0,0,Villarreal,Leganes
Сезон 18/19,Sevilla,Getafe,0,2,A,15,10,1,5,10,22,7,1,3,6,0,0,Getafe,Sevilla
Сезон 18/19,Valladolid,Alaves,0,1,A,15,10,5,4,9,12,7,2,3,2,0,0,Alaves,Valladolid
Сезон 18/19,Celta,Valladolid,3,3,D,12,14,5,4,9,11,7,8,2,2,0,0,Ничья,Ничья
Сезон 18/19,Eibar,Leganes,1,0,H,14,4,3,2,16,17,5,2,1,1,0,0,Eibar,Leganes
Сезон 18/19,Getafe,Ath Madrid,0,2,A,11,7,2,4,12,15,1,5,1,2,1,0,Ath Madrid,Getafe
Сезон 18/19,Real Madrid,Espanol,1,0,H,19,10,5,3,5,16,8,3,2,2,0,0,Real Madrid,Espanol
Сезон 18/19,Betis,Ath Bilbao,2,2,D,15,7,3,4,13,20,6,1,2,7,0,1,Ничья,Ничья
Сезон 18/19,Levante,Sevilla,2,6,A,19,20,10,9,5,18,8,4,1,1,0,0,Sevilla,Levante
Сезон 18/19,Villarreal,Valencia,0,0,D,11,12,1,2,12,12,8,6,4,1,0,1,Ничья,Ничья
Сезон 18/19,Espanol,Eibar,1,0,H,9,8,5,1,8,8,4,3,2,2,0,0,Espanol,Eibar
Сезон 18/19,Ath Bilbao,Villarreal,0,3,A,12,19,2,6,3,14,6,4,1,1,0,0,Villarreal,Ath Bilbao
Сезон 18/19,Leganes,Barcelona,2,1,H,10,9,6,5,15,11,4,5,4,2,0,0,Leganes,Barcelona
Сезон 18/19,Sevilla,Real Madrid,3,0,H,16,21,7,3,16,12,5,6,3,4,0,0,Sevilla,Real Madrid
Сезон 18/19,Valencia,Celta,1,1,D,14,9,5,3,18,7,0,2,1,3,0,0,Ничья,Ничья
Сезон 18/19,Alaves,Getafe,1,1,D,15,13,2,5,8,22,5,7,4,2,0,0,Ничья,Ничья
Сезон 18/19,Valladolid,Levante,2,1,H,20,9,6,4,17,10,8,6,1,4,0,1,Valladolid,Levante
Сезон 18/19,Barcelona,Ath Bilbao,1,1,D,20,8,8,2,9,18,4,3,3,3,0,0,Ничья,Ничья
Сезон 18/19,Eibar,Sevilla,1,3,A,15,7,2,5,16,9,6,3,2,3,0,0,Sevilla,Eibar
Сезон 18/19,Real Madrid,Ath Madrid,0,0,D,15,8,6,3,7,17,8,6,3,4,0,0,Ничья,Ничья
Сезон 18/19,Sociedad,Valencia,0,1,A,10,9,5,2,13,18,3,0,3,5,0,0,Valencia,Sociedad
Сезон 18/19,Betis,Leganes,1,0,H,17,11,4,5,7,10,7,1,0,4,0,0,Betis,Leganes
Сезон 18/19,Levante,Alaves,2,1,H,14,14,4,2,22,19,9,4,7,1,0,0,Levante,Alaves
Сезон 18/19,Villarreal,Valladolid,0,1,A,27,9,7,3,17,12,7,2,3,3,0,0,Valladolid,Villarreal
Сезон 18/19,Celta,Getafe,1,1,D,8,12,2,4,13,15,3,9,2,2,0,0,Ничья,Ничья
Сезон 18/19,Ath Bilbao,Sociedad,1,3,A,13,6,5,3,15,19,11,0,6,5,0,0,Sociedad,Ath Bilbao
Сезон 18/19,Alaves,Real Madrid,1,0,H,8,13,4,6,20,10,4,3,1,0,0,0,Alaves,Real Madrid
Сезон 18/19,Getafe,Levante,0,1,A,15,12,4,3,17,18,10,2,4,5,1,0,Levante,Getafe
Сезон 18/19,Ath Madrid,Betis,1,0,H,13,5,5,0,16,10,6,4,5,3,0,0,Ath Madrid,Betis
Сезон 18/19,Espanol,Villarreal,3,1,H,28,13,12,6,13,8,10,3,3,2,0,0,Espanol,Villarreal
Сезон 18/19,Sevilla,Celta,2,1,H,12,13,3,5,14,9,8,8,3,4,0,1,Sevilla,Celta
Сезон 18/19,Valencia,Barcelona,1,1,D,10,10,3,5,11,6,5,2,2,2,0,0,Ничья,Ничья
Сезон 18/19,Celta,Alaves,0,1,A,19,9,9,2,9,12,6,2,2,3,0,0,Alaves,Celta
Сезон 18/19,Barcelona,Sevilla,4,2,H,23,19,9,7,10,16,5,7,0,1,0,0,Barcelona,Sevilla
Сезон 18/19,Real Madrid,Levante,1,2,A,34,6,12,2,10,19,15,1,1,2,0,0,Levante,Real Madrid
Сезон 18/19,Valencia,Leganes,1,1,D,18,7,4,5,9,13,10,1,1,2,0,0,Ничья,Ничья
Сезон 18/19,Villarreal,Ath Madrid,1,1,D,18,15,6,4,16,9,8,7,3,1,0,0,Ничья,Ничья
Сезон 18/19,Betis,Valladolid,0,1,A,20,6,4,2,7,10,9,6,0,4,0,0,Valladolid,Betis
Сезон 18/19,Eibar,Ath Bilbao,1,1,D,18,6,6,3,7,13,8,2,2,3,0,0,Ничья,Ничья
Сезон 18/19,Valladolid,Espanol,1,1,D,15,11,2,4,16,16,5,2,4,2,0,0,Ничья,Ничья
Сезон 18/19,Ath Bilbao,Valencia,0,0,D,13,11,2,3,25,22,5,2,2,5,0,0,Ничья,Ничья
Сезон 18/19,Ath Madrid,Sociedad,2,0,H,14,7,4,0,10,7,10,1,2,1,0,0,Ath Madrid,Sociedad
Сезон 18/19,Celta,Eibar,4,0,H,10,17,6,5,9,8,2,8,0,0,0,0,Celta,Eibar
Сезон 18/19,Levante,Leganes,2,0,H,9,21,4,6,12,14,3,2,2,2,0,0,Levante,Leganes
Сезон 18/19,Alaves,Villarreal,2,1,H,19,9,6,2,9,11,8,4,1,1,0,0,Alaves,Villarreal
Сезон 18/19,Barcelona,Real Madrid,5,1,H,13,15,8,4,17,14,4,2,2,2,0,0,Barcelona,Real Madrid
Сезон 18/19,Getafe,Betis,2,0,H,16,7,7,3,9,14,5,4,1,2,0,0,Getafe,Betis
Сезон 18/19,Leganes,Ath Madrid,1,1,D,8,9,3,4,18,12,4,7,4,2,0,0,Ничья,Ничья
Сезон 18/19,Real Madrid,Valladolid,2,0,H,16,12,7,2,14,7,8,6,1,0,0,0,Real Madrid,Valladolid
Сезон 18/19,Betis,Celta,3,3,D,14,14,6,7,12,11,4,4,4,2,0,0,Ничья,Ничья
Сезон 18/19,Eibar,Alaves,2,1,H,23,9,8,3,11,7,13,1,4,0,1,1,Eibar,Alaves
Сезон 18/19,Sociedad,Sevilla,0,0,D,10,8,1,1,8,17,7,7,1,3,0,0,Ничья,Ничья
Сезон 18/19,Villarreal,Levante,1,1,D,23,13,4,2,14,10,5,4,3,3,0,0,Ничья,Ничья
Сезон 18/19,Espanol,Ath Bilbao,1,0,H,8,10,3,2,15,13,2,1,1,3,0,0,Espanol,Ath Bilbao
Сезон 18/19,Levante,Sociedad,1,3,A,17,15,2,4,17,12,6,4,6,1,0,0,Sociedad,Levante
Сезон 18/19,Ath Madrid,Ath Bilbao,3,2,H,9,6,3,5,8,15,12,2,5,4,0,1,Ath Madrid,Ath Bilbao
Сезон 18/19,Getafe,Valencia,0,1,A,17,7,3,3,23,8,6,4,3,3,1,0,Valencia,Getafe
Сезон 18/19,Valladolid,Eibar,0,0,D,9,16,1,6,16,15,4,4,2,4,0,1,Ничья,Ничья
Сезон 18/19,Barcelona,Betis,3,4,A,20,15,5,8,13,11,10,5,4,2,1,0,Betis,Barcelona
Сезон 18/19,Celta,Real Madrid,2,4,A,15,14,4,5,19,13,5,1,4,2,1,0,Real Madrid,Celta
Сезон 18/19,Sevilla,Espanol,2,1,H,23,15,10,7,18,10,6,3,4,2,0,0,Sevilla,Espanol
Сезон 18/19,Leganes,Alaves,1,0,H,13,7,6,2,10,13,5,3,2,4,0,0,Leganes,Alaves
Сезон 18/19,Ath Madrid,Barcelona,1,1,D,3,8,1,2,19,12,2,8,5,3,0,0,Ничья,Ничья
Сезон 18/19,Eibar,Real Madrid,3,0,H,14,9,8,3,17,8,5,4,2,1,0,0,Eibar,Real Madrid
Сезон 18/19,Ath Bilbao,Getafe,1,1,D,8,15,4,2,10,12,2,2,5,4,0,0,Ничья,Ничья
Сезон 18/19,Sevilla,Valladolid,1,0,H,17,13,9,5,15,15,8,6,3,3,0,0,Sevilla,Valladolid
Сезон 18/19,Villarreal,Betis,2,1,H,13,13,8,6,15,13,5,4,2,1,0,0,Villarreal,Betis
Сезон 18/19,Sociedad,Celta,2,1,H,15,6,8,2,12,14,6,2,2,2,0,0,Sociedad,Celta
Сезон 18/19,Getafe,Espanol,3,0,H,14,8,5,2,17,16,7,4,3,2,0,0,Getafe,Espanol
Сезон 18/19,Real Madrid,Valencia,2,0,H,13,7,3,2,11,10,2,2,1,3,0,0,Real Madrid,Valencia
Сезон 18/19,Valladolid,Leganes,2,4,A,20,14,6,5,5,13,6,5,0,3,0,0,Leganes,Valladolid
Сезон 18/19,Alaves,Sevilla,1,1,D,11,14,3,3,21,14,2,5,3,3,0,0,Ничья,Ничья
Сезон 18/19,Barcelona,Villarreal,2,0,H,16,12,7,2,9,17,11,1,2,4,0,0,Barcelona,Villarreal
Сезон 18/19,Betis,Sociedad,1,0,H,6,6,4,4,18,18,6,4,4,2,0,0,Betis,Sociedad
Сезон 18/19,Levante,Ath Bilbao,3,0,H,17,12,7,3,11,15,2,6,3,5,0,1,Levante,Ath Bilbao
Сезон 18/19,Leganes,Getafe,1,1,D,17,6,5,2,12,13,7,2,1,2,1,0,Ничья,Ничья
Сезон 18/19,Ath Madrid,Alaves,3,0,H,12,13,5,3,20,15,5,5,5,4,0,0,Ath Madrid,Alaves
Сезон 18/19,Espanol,Barcelona,0,4,A,15,17,3,9,16,10,11,4,1,0,0,0,Barcelona,Espanol
Сезон 18/19,Valencia,Sevilla,1,1,D,16,11,6,3,13,17,6,4,0,4,0,0,Ничья,Ничья
Сезон 18/19,Villarreal,Celta,2,3,A,13,14,3,7,12,10,6,1,3,3,0,0,Celta,Villarreal
Сезон 18/19,Eibar,Levante,4,4,D,32,14,7,5,11,7,12,3,2,2,0,0,Ничья,Ничья
Сезон 18/19,Sociedad,Valladolid,1,2,A,23,10,5,6,9,16,11,6,2,2,0,0,Valladolid,Sociedad
Сезон 18/19,Celta,Leganes,0,0,D,15,5,2,2,11,11,10,0,3,3,0,0,Ничья,Ничья
Сезон 18/19,Eibar,Valencia,1,1,D,18,11,6,4,11,15,4,2,0,1,0,0,Ничья,Ничья
Сезон 18/19,Getafe,Sociedad,1,0,H,9,9,2,4,24,14,2,3,3,4,0,0,Getafe,Sociedad
Сезон 18/19,Valladolid,Ath Madrid,2,3,A,8,14,2,5,16,13,9,3,4,1,0,0,Ath Madrid,Valladolid
Сезон 18/19,Espanol,Betis,1,3,A,10,12,3,5,23,10,0,4,3,4,0,0,Betis,Espanol
Сезон 18/19,Levante,Barcelona,0,5,A,20,16,6,9,12,9,15,3,2,3,1,0,Barcelona,Levante
Сезон 18/19,Alaves,Ath Bilbao,0,0,D,11,6,2,3,16,13,5,3,2,2,0,0,Ничья,Ничья
Сезон 18/19,Sociedad,Alaves,0,1,A,18,9,4,3,14,11,10,1,2,4,0,0,Alaves,Sociedad
Сезон 18/19,Ath Bilbao,Valladolid,1,1,D,8,5,3,2,25,12,3,1,3,2,0,0,Ничья,Ничья
Сезон 18/19,Ath Madrid,Espanol,1,0,H,8,18,5,4,16,13,5,9,1,1,0,0,Ath Madrid,Espanol
Сезон 18/19,Barcelona,Celta,2,0,H,9,11,5,1,14,15,4,6,0,1,0,0,Barcelona,Celta
Сезон 18/19,Betis,Eibar,1,1,D,4,15,2,4,11,13,4,11,2,4,0,0,Ничья,Ничья
Сезон 18/19,Leganes,Sevilla,1,1,D,13,8,4,2,14,9,3,6,3,3,0,1,Ничья,Ничья
Сезон 18/19,Villarreal,Real Madrid,2,2,D,12,14,4,7,12,13,6,4,2,2,0,0,Ничья,Ничья
Сезон 18/19,Espanol,Leganes,1,0,H,12,10,1,2,10,17,3,6,2,5,0,1,Espanol,Leganes
Сезон 18/19,Alaves,Valencia,2,1,H,14,14,5,2,10,13,2,6,3,3,0,0,Alaves,Valencia
Сезон 18/19,Eibar,Villarreal,0,0,D,24,7,6,4,12,17,13,1,0,2,0,0,Ничья,Ничья
Сезон 18/19,Getafe,Barcelona,1,2,A,10,12,2,8,23,12,4,4,4,3,0,0,Barcelona,Getafe
Сезон 18/19,Real Madrid,Sociedad,0,2,A,28,12,8,4,13,13,10,4,5,1,1,0,Sociedad,Real Madrid
Сезон 18/19,Sevilla,Ath Madrid,1,1,D,15,12,5,7,15,11,4,5,5,7,0,0,Ничья,Ничья
Сезон 18/19,Celta,Ath Bilbao,1,2,A,17,8,3,4,16,21,3,2,2,5,0,0,Ath Bilbao,Celta
Сезон 18/19,Valencia,Valladolid,1,1,D,17,6,5,1,15,18,7,0,2,5,0,0,Ничья,Ничья
Сезон 18/19,Villarreal,Getafe,1,2,A,17,9,6,4,14,13,6,1,5,3,0,0,Getafe,Villarreal
Сезон 18/19,Ath Bilbao,Sevilla,2,0,H,10,10,3,4,14,14,7,6,4,3,0,0,Ath Bilbao,Sevilla
Сезон 18/19,Ath Madrid,Levante,1,0,H,19,7,5,2,9,17,5,2,0,3,0,0,Ath Madrid,Levante
Сезон 18/19,Barcelona,Eibar,3,0,H,7,15,6,2,10,12,2,3,2,1,0,0,Barcelona,Eibar
Сезон 18/19,Betis,Real Madrid,1,2,A,9,14,2,5,9,13,6,5,2,3,0,0,Real Madrid,Betis
Сезон 18/19,Sociedad,Espanol,3,2,H,9,21,4,2,15,12,7,3,7,4,1,0,Sociedad,Espanol
Сезон 18/19,Getafe,Alaves,4,0,H,12,6,5,0,17,18,4,2,0,4,0,0,Getafe,Alaves
Сезон 18/19,Celta,Valencia,1,2,A,12,13,4,8,18,12,4,6,4,3,0,0,Valencia,Celta
Сезон 18/19,Real Madrid,Sevilla,2,0,H,23,4,6,1,9,14,7,4,2,3,0,0,Real Madrid,Sevilla
Сезон 18/19,Barcelona,Leganes,3,1,H,15,5,7,2,12,18,5,1,3,3,0,0,Barcelona,Leganes
Сезон 18/19,Levante,Valladolid,2,0,H,13,13,4,3,12,18,3,2,6,5,0,0,Levante,Valladolid
Сезон 18/19,Villarreal,Ath Bilbao,1,1,D,3,9,1,2,17,13,1,3,4,1,0,0,Ничья,Ничья
Сезон 18/19,Eibar,Espanol,3,0,H,16,6,9,0,16,10,6,2,2,5,0,0,Eibar,Espanol
Сезон 18/19,Ath Madrid,Getafe,2,0,H,10,6,6,2,11,26,3,6,2,7,0,2,Ath Madrid,Getafe
Сезон 18/19,Leganes,Eibar,2,2,D,9,5,3,2,15,14,4,5,2,3,0,0,Ничья,Ничья
Сезон 18/19,Sevilla,Levante,5,0,H,23,7,9,0,15,13,5,8,2,1,0,0,Sevilla,Levante
Сезон 18/19,Valencia,Villarreal,3,0,H,18,14,9,5,13,8,7,4,1,3,0,0,Valencia,Villarreal
Сезон 18/19,Ath Bilbao,Betis,1,0,H,11,8,2,2,20,6,6,4,4,2,1,0,Ath Bilbao,Betis
Сезон 18/19,Espanol,Real Madrid,2,4,A,13,16,6,9,15,17,1,6,3,4,0,1,Real Madrid,Espanol
Сезон 18/19,Valladolid,Celta,2,1,H,19,8,7,3,15,19,7,5,2,5,0,1,Valladolid,Celta
Сезон 18/19,Barcelona,Valencia,2,2,D,20,14,8,7,8,5,9,1,3,0,0,0,Ничья,Ничья
Сезон 18/19,Celta,Sevilla,1,0,H,10,13,4,2,13,12,4,9,4,4,0,0,Celta,Sevilla
Сезон 18/19,Levante,Getafe,0,0,D,8,9,4,2,7,15,5,5,4,3,0,0,Ничья,Ничья
Сезон 18/19,Sociedad,Ath Bilbao,2,1,H,6,8,2,5,17,13,3,3,1,1,0,0,Sociedad,Ath Bilbao
Сезон 18/19,Betis,Ath Madrid,1,0,H,7,13,3,1,7,21,1,7,4,3,0,0,Betis,Ath Madrid
Сезон 18/19,Real Madrid,Alaves,3,0,H,22,8,8,1,10,12,7,2,0,3,0,0,Real Madrid,Alaves
Сезон 18/19,Villarreal,Espanol,2,2,D,14,17,5,2,22,16,3,2,4,5,0,0,Ничья,Ничья
Сезон 18/19,Valladolid,Villarreal,0,0,D,9,7,3,3,13,18,8,3,3,2,0,0,Ничья,Ничья
Сезон 18/19,Ath Madrid,Real Madrid,1,3,A,11,11,2,4,21,16,3,4,7,3,1,0,Real Madrid,Ath Madrid
Сезон 18/19,Getafe,Celta,3,1,H,12,13,6,3,16,13,4,3,3,3,0,1,Getafe,Celta
Сезон 18/19,Ath Bilbao,Barcelona,0,0,D,13,10,5,2,23,10,6,4,4,2,1,0,Ничья,Ничья
Сезон 18/19,Leganes,Betis,3,0,H,16,3,4,1,22,11,4,4,4,2,0,1,Leganes,Betis
Сезон 18/19,Sevilla,Eibar,2,2,D,13,8,4,4,11,7,9,7,4,2,1,0,Ничья,Ничья
Сезон 18/19,Valencia,Sociedad,0,0,D,10,8,4,1,11,18,7,5,2,4,0,0,Ничья,Ничья
Сезон 18/19,Alaves,Levante,2,0,H,16,8,4,0,14,18,3,10,3,2,0,0,Alaves,Levante
Сезон 18/19,Eibar,Getafe,2,2,D,11,7,6,4,12,12,3,3,2,2,0,0,Ничья,Ничья
Сезон 18/19,Barcelona,Valladolid,1,0,H,20,10,8,0,12,18,3,5,1,3,0,0,Barcelona,Valladolid
Сезон 18/19,Celta,Levante,1,4,A,14,14,7,8,12,17,5,7,1,1,1,0,Levante,Celta
Сезон 18/19,Sociedad,Leganes,3,0,H,15,8,6,3,10,16,4,1,4,2,0,0,Sociedad,Leganes
Сезон 18/19,Betis,Alaves,1,1,D,19,6,10,3,10,12,6,3,4,1,0,0,Ничья,Ничья
Сезон 18/19,Valencia,Espanol,0,0,D,21,6,1,1,12,10,10,2,2,4,0,1,Ничья,Ничья
Сезон 18/19,Villarreal,Sevilla,3,0,H,12,21,6,5,7,12,6,4,4,1,0,0,Villarreal,Sevilla
Сезон 18/19,Alaves,Celta,0,0,D,17,8,4,2,15,9,3,4,2,2,0,0,Ничья,Ничья
Сезон 18/19,Ath Bilbao,Eibar,1,0,H,9,7,4,2,10,17,10,2,3,4,0,0,Ath Bilbao,Eibar
Сезон 18/19,Sevilla,Barcelona,2,4,A,13,17,4,8,15,11,3,8,6,1,0,0,Barcelona,Sevilla
Сезон 18/19,Ath Madrid,Villarreal,2,0,H,15,14,7,3,9,10,6,7,0,3,0,0,Ath Madrid,Villarreal
Сезон 18/19,Leganes,Valencia,1,1,D,17,6,6,1,14,10,4,2,5,3,0,0,Ничья,Ничья
Сезон 18/19,Levante,Real Madrid,1,2,A,11,19,2,5,17,11,4,6,5,3,1,1,Real Madrid,Levante
Сезон 18/19,Valladolid,Betis,0,2,A,10,6,2,3,10,9,13,4,1,2,0,0,Betis,Valladolid
Сезон 18/19,Espanol,Valladolid,3,1,H,15,14,6,3,17,8,5,3,2,2,0,0,Espanol,Valladolid
Сезон 18/19,Real Madrid,Barcelona,0,1,A,17,10,3,4,16,13,8,6,3,2,0,0,Barcelona,Real Madrid
Сезон 18/19,Villarreal,Alaves,1,2,A,9,10,2,2,15,12,8,2,2,3,0,0,Alaves,Villarreal
Сезон 18/19,Betis,Getafe,1,2,A,6,11,2,5,14,14,4,4,2,2,0,0,Getafe,Betis
Сезон 18/19,Eibar,Celta,1,0,H,15,3,4,1,14,16,7,0,1,1,0,0,Eibar,Celta
Сезон 18/19,Sociedad,Ath Madrid,0,2,A,19,8,3,3,12,17,7,3,1,4,0,1,Ath Madrid,Sociedad
Сезон 18/19,Valencia,Ath Bilbao,2,0,H,11,4,3,1,12,13,6,2,0,3,0,0,Valencia,Ath Bilbao
Сезон 18/19,Leganes,Levante,1,0,H,14,15,3,4,15,10,2,2,6,4,0,0,Leganes,Levante
Сезон 18/19,Ath Bilbao,Espanol,1,1,D,15,5,6,2,13,20,7,0,3,5,0,0,Ничья,Ничья
Сезон 18/19,Alaves,Eibar,1,1,D,16,20,3,3,10,18,3,5,1,1,0,0,Ничья,Ничья
Сезон 18/19,Ath Madrid,Leganes,1,0,H,13,3,4,2,9,7,4,4,2,2,0,0,Ath Madrid,Leganes
Сезон 18/19,Celta,Betis,0,1,A,7,14,1,4,17,16,4,4,3,0,0,0,Betis,Celta
Сезон 18/19,Levante,Villarreal,0,2,A,11,13,3,5,8,21,8,2,3,5,0,0,Villarreal,Levante
Сезон 18/19,Sevilla,Sociedad,5,2,H,22,9,11,2,12,13,7,2,2,2,0,0,Sevilla,Sociedad
Сезон 18/19,Valladolid,Real Madrid,1,4,A,10,15,2,6,14,12,5,12,1,6,0,1,Real Madrid,Valladolid
Сезон 18/19,Sociedad,Levante,1,1,D,22,8,7,3,10,12,5,3,2,2,0,0,Ничья,Ничья
Сезон 18/19,Ath Bilbao,Ath Madrid,2,0,H,9,9,5,2,12,4,1,7,3,1,0,0,Ath Bilbao,Ath Madrid
Сезон 18/19,Real Madrid,Celta,2,0,H,22,6,7,1,15,8,9,2,1,0,0,0,Real Madrid,Celta
Сезон 18/19,Betis,Barcelona,1,4,A,13,16,3,9,10,11,3,7,1,2,0,0,Barcelona,Betis
Сезон 18/19,Eibar,Valladolid,1,2,A,15,8,3,3,16,14,5,0,4,2,0,0,Valladolid,Eibar
Сезон 18/19,Espanol,Sevilla,0,1,A,13,12,3,3,11,14,6,5,3,4,1,1,Sevilla,Espanol
Сезон 18/19,Valencia,Getafe,0,0,D,8,9,2,1,13,22,3,5,3,4,0,0,Ничья,Ничья
Сезон 18/19,Alaves,Ath Madrid,0,4,A,14,11,4,7,10,8,9,2,2,2,0,0,Ath Madrid,Alaves
Сезон 18/19,Barcelona,Espanol,2,0,H,13,4,3,2,15,14,5,2,0,4,0,0,Barcelona,Espanol
Сезон 18/19,Celta,Villarreal,3,2,H,15,14,6,5,7,8,10,7,1,3,0,0,Celta,Villarreal
Сезон 18/19,Getafe,Leganes,0,2,A,9,7,2,3,15,25,3,4,5,2,0,0,Leganes,Getafe
Сезон 18/19,Levante,Eibar,2,2,D,7,17,2,3,9,12,6,7,2,1,0,0,Ничья,Ничья
Сезон 18/19,Sevilla,Valencia,0,1,A,17,4,5,2,18,9,5,3,3,1,0,0,Valencia,Sevilla
Сезон 18/19,Valladolid,Sociedad,1,1,D,10,10,4,1,18,8,7,5,4,1,0,0,Ничья,Ничья
Сезон 18/19,Espanol,Getafe,1,1,D,9,13,3,3,14,14,5,4,4,3,0,0,Ничья,Ничья
Сезон 18/19,Villarreal,Barcelona,4,4,D,16,15,9,9,10,10,5,3,4,7,1,0,Ничья,Ничья
Сезон 18/19,Ath Bilbao,Levante,3,2,H,14,11,7,6,13,14,2,9,3,7,0,1,Ath Bilbao,Levante
Сезон 18/19,Valencia,Real Madrid,2,1,H,11,15,4,5,9,13,6,6,2,2,0,0,Valencia,Real Madrid
Сезон 18/19,Leganes,Valladolid,1,0,H,18,8,2,1,13,11,3,4,2,2,0,0,Leganes,Valladolid
Сезон 18/19,Sevilla,Alaves,2,0,H,18,5,5,2,13,19,11,1,3,4,0,0,Sevilla,Alaves
Сезон 18/19,Sociedad,Betis,2,1,H,15,11,7,6,12,13,3,6,2,3,0,0,Sociedad,Betis
Сезон 18/19,Barcelona,Ath Madrid,2,0,H,21,9,10,2,14,12,5,1,3,4,0,1,Barcelona,Ath Madrid
Сезон 18/19,Real Madrid,Eibar,2,1,H,13,3,7,1,9,15,5,4,0,1,0,0,Real Madrid,Eibar
Сезон 18/19,Alaves,Leganes,1,1,D,6,9,1,5,17,15,3,3,6,4,0,0,Ничья,Ничья
Сезон 18/19,Betis,Villarreal,2,1,H,17,10,7,4,15,14,4,3,4,4,0,0,Betis,Villarreal
Сезон 18/19,Celta,Sociedad,3,1,H,11,14,4,7,16,11,2,7,2,1,0,1,Celta,Sociedad
Сезон 18/19,Getafe,Ath Bilbao,1,0,H,6,9,2,1,16,18,1,2,2,1,0,0,Getafe,Ath Bilbao
Сезон 18/19,Valladolid,Sevilla,0,2,A,10,16,5,4,17,12,6,7,3,3,0,0,Sevilla,Valladolid
Сезон 18/19,Ath Madrid,Celta,2,0,H,11,10,5,3,9,15,1,2,2,2,0,0,Ath Madrid,Celta
Сезон 18/19,Espanol,Alaves,2,1,H,6,14,2,3,12,17,4,8,3,2,0,0,Espanol,Alaves
Сезон 18/19,Sevilla,Betis,3,2,H,11,12,5,7,18,8,5,4,6,3,0,0,Sevilla,Betis
Сезон 18/19,Sociedad,Eibar,1,1,D,3,17,2,2,15,18,0,3,2,2,0,0,Ничья,Ничья
Сезон 18/19,Valencia,Levante,3,1,H,23,6,6,3,12,19,8,3,2,2,0,0,Valencia,Levante
Сезон 18/19,Valladolid,Getafe,2,2,D,8,8,4,3,22,18,5,3,4,4,0,1,Ничья,Ничья
Сезон 18/19,Leganes,Real Madrid,1,1,D,5,13,2,6,11,12,1,5,0,3,0,0,Ничья,Ничья
Сезон 18/19,Alaves,Valladolid,2,2,D,10,12,4,7,17,16,5,7,3,5,0,0,Ничья,Ничья
Сезон 18/19,Barcelona,Sociedad,2,1,H,11,9,4,2,10,12,4,2,0,1,0,0,Barcelona,Sociedad
Сезон 18/19,Eibar,Ath Madrid,0,1,A,10,8,2,4,11,12,5,8,3,1,0,0,Ath Madrid,Eibar
Сезон 18/19,Betis,Valencia,1,2,A,23,4,7,3,19,13,8,2,4,2,0,1,Valencia,Betis
Сезон 18/19,Getafe,Sevilla,3,0,H,10,12,3,2,19,15,2,7,3,6,1,1,Getafe,Sevilla
Сезон 18/19,Levante,Espanol,2,2,D,19,14,5,7,13,15,12,7,4,1,1,0,Ничья,Ничья
Сезон 18/19,Real Madrid,Ath Bilbao,3,0,H,11,5,4,3,12,16,8,2,2,4,0,0,Real Madrid,Ath Bilbao
Сезон 18/19,Villarreal,Leganes,2,1,H,11,6,5,2,12,15,7,4,2,1,0,0,Villarreal,Leganes
Сезон 18/19,Alaves,Barcelona,0,2,A,6,17,1,6,19,9,1,4,3,1,0,0,Barcelona,Alaves
Сезон 18/19,Ath Madrid,Valencia,3,2,H,14,12,6,4,17,13,4,3,3,3,0,0,Ath Madrid,Valencia
Сезон 18/19,Espanol,Celta,1,1,D,9,18,2,6,15,8,2,4,2,1,0,0,Ничья,Ничья
Сезон 18/19,Leganes,Ath Bilbao,0,1,A,14,3,1,2,11,14,2,2,1,2,0,0,Ath Bilbao,Leganes
Сезон 18/19,Levante,Betis,4,0,H,6,7,4,2,9,15,3,4,2,3,0,0,Levante,Betis
Сезон 18/19,Getafe,Real Madrid,0,0,D,9,12,5,4,17,15,9,4,1,3,0,0,Ничья,Ничья
Сезон 18/19,Sociedad,Villarreal,0,1,A,13,8,2,3,11,14,6,3,2,3,0,0,Villarreal,Sociedad
Сезон 18/19,Ath Bilbao,Alaves,1,1,D,14,14,1,3,14,17,8,6,2,2,0,0,Ничья,Ничья
Сезон 18/19,Ath Madrid,Valladolid,1,0,H,13,13,1,4,19,12,7,3,4,2,0,0,Ath Madrid,Valladolid
Сезон 18/19,Barcelona,Levante,1,0,H,23,7,12,2,17,12,6,3,4,3,0,0,Barcelona,Levante
Сезон 18/19,Leganes,Celta,0,0,D,10,8,1,2,16,5,4,6,1,0,0,0,Ничья,Ничья
Сезон 18/19,Sociedad,Getafe,2,1,H,11,12,7,3,17,14,5,7,2,3,0,0,Sociedad,Getafe
Сезон 18/19,Valencia,Eibar,0,1,A,7,13,2,3,10,15,7,6,2,3,0,0,Eibar,Valencia
Сезон 18/19,Betis,Espanol,1,1,D,18,10,5,4,16,14,6,5,4,1,0,0,Ничья,Ничья
Сезон 18/19,Sevilla,Leganes,0,3,A,7,9,3,5,11,23,3,4,1,1,0,0,Leganes,Sevilla
Сезон 18/19,Alaves,Sociedad,0,1,A,17,9,6,2,7,22,13,6,1,3,0,0,Sociedad,Alaves
Сезон 18/19,Celta,Barcelona,2,0,H,14,8,6,1,11,13,11,1,1,5,0,0,Celta,Barcelona
Сезон 18/19,Espanol,Ath Madrid,3,0,H,11,11,5,3,11,14,5,6,1,2,0,0,Espanol,Ath Madrid
Сезон 18/19,Eibar,Betis,1,0,H,14,12,6,6,15,7,11,8,3,2,0,0,Eibar,Betis
Сезон 18/19,Real Madrid,Villarreal,3,2,H,24,15,11,7,9,14,8,3,0,3,0,0,Real Madrid,Villarreal
Сезон 18/19,Valladolid,Ath Bilbao,1,0,H,10,9,3,1,14,22,1,3,5,5,0,0,Valladolid,Ath Bilbao
Сезон 18/19,Ath Bilbao,Celta,3,1,H,8,3,4,2,16,18,3,3,4,3,0,0,Ath Bilbao,Celta
Сезон 18/19,Ath Madrid,Sevilla,1,1,D,11,11,4,5,16,12,5,7,5,4,0,0,Ничья,Ничья
Сезон 18/19,Barcelona,Getafe,2,0,H,13,11,8,0,9,13,4,3,1,3,0,0,Barcelona,Getafe
Сезон 18/19,Leganes,Espanol,0,2,A,11,19,4,7,11,9,6,7,4,1,1,0,Espanol,Leganes
Сезон 18/19,Sociedad,Real Madrid,3,1,H,19,6,7,2,12,16,5,2,1,2,0,1,Sociedad,Real Madrid
Сезон 18/19,Valencia,Alaves,3,1,H,10,10,4,3,9,14,7,4,2,5,0,0,Valencia,Alaves
Сезон 18/19,Villarreal,Eibar,1,0,H,11,4,3,0,11,14,5,3,3,2,0,0,Villarreal,Eibar
Сезон 18/19,Espanol,Sociedad,2,0,H,9,11,4,2,13,13,4,5,3,2,0,0,Espanol,Sociedad
Сезон 18/19,Getafe,Villarreal,2,2,D,17,8,5,4,16,20,6,4,2,3,0,0,Ничья,Ничья
Сезон 18/19,Levante,Ath Madrid,2,2,D,17,17,7,8,9,7,6,4,0,1,0,1,Ничья,Ничья
Сезон 18/19,Sevilla,Ath Bilbao,2,0,H,9,9,3,1,14,19,2,3,4,2,0,0,Sevilla,Ath Bilbao
Сезон 18/19,Valladolid,Valencia,0,2,A,19,9,4,6,12,10,8,2,1,3,0,0,Valencia,Valladolid
Сезон 18/19,Eibar,Barcelona,2,2,D,15,6,8,3,11,3,5,2,4,2,0,0,Ничья,Ничья
Сезон 18/19,Real Madrid,Betis,0,2,A,9,9,2,7,17,11,1,5,4,1,0,0,Betis,Real Madrid
